date,open,high,low,close,change,changePercent,volume,up,down,changePercent_nt_1_0.86,changePercent_nt_2_1.93,changePercent_nt_3_3.51,changePercent_nt_4_7.02,momentum,other,overlays,score,weighted_score
2015-07-28,1.62,1.77,1.62,1.77,0.0,0.0,14614569,0,0,1,0,0,0,4,0,3,7,3
2015-07-29,1.77,1.99,1.76,1.96,0.19,10.7345,25582209,1,0,0,0,0,1,4,0,3,7,3
2015-07-30,1.94,1.99,1.88,1.93,-0.03,-1.5306,15837969,0,1,0,1,0,0,4,0,3,7,3
2015-07-31,1.94,1.99,1.92,1.93,0.0,0.0,7733694,0,0,1,0,0,0,4,0,3,7,3
2015-08-03,1.93,2.2,1.9,2.2,0.27,13.9896,26218162,1,0,0,0,0,1,4,0,3,7,3
2015-08-04,2.18,2.18,2.05,2.13,-0.07,-3.1818,14328420,0,1,0,0,1,0,4,0,3,7,3
2015-08-05,2.11,2.21,2.1,2.16,0.03,1.4085,13236010,1,0,0,1,0,0,4,0,3,7,3
2015-08-06,2.15,2.17,2.1,2.11,-0.05,-2.3148,9475686,0,1,0,0,1,0,4,0,3,7,3
2015-08-07,2.1,2.14,2.06,2.09,-0.02,-0.9479,7680811,0,1,0,1,0,0,4,0,3,7,3
2015-08-10,1.92,1.98,1.82,1.93,-0.16,-7.6555,29926180,0,1,0,0,0,1,4,0,3,7,3
2015-08-11,1.91,1.93,1.88,1.9,-0.03,-1.5544,7479178,0,1,0,1,0,0,4,0,3,7,3
2015-08-12,1.88,1.93,1.84,1.9,0.0,0.0,8527768,0,0,1,0,0,0,4,0,1,5,1
2015-08-13,1.9,1.91,1.79,1.79,-0.11,-5.7895,7839742,0,1,0,0,0,1,4,0,2,6,3
2015-08-14,1.8,1.85,1.79,1.84,0.05,2.7933,6183360,1,0,0,0,1,0,4,0,2,6,3
2015-08-17,1.82,1.88,1.8,1.8,-0.04,-2.1739,9062449,0,1,0,0,1,0,2,0,2,4,5
2015-08-18,1.79,1.82,1.75,1.8,0.0,0.0,9751946,0,0,1,0,0,0,1,0,2,3,4
2015-08-19,1.8,1.81,1.76,1.8,0.0,0.0,7441178,0,0,1,0,0,0,1,0,2,3,4
2015-08-20,1.79,1.8,1.7,1.7,-0.1,-5.5556,13745659,0,1,0,0,0,1,1,0,2,3,4
2015-08-21,1.68,1.8,1.68,1.78,0.08,4.7059,12529458,1,0,0,0,0,1,1,0,2,3,4
2015-08-24,1.69,1.83,1.65,1.75,-0.03,-1.6854,17217369,0,1,0,1,0,0,1,0,2,3,4
2015-08-25,1.82,1.82,1.66,1.66,-0.09,-5.1429,12097696,0,1,0,0,0,1,0,1,2,3,6
2015-08-26,1.69,1.73,1.66,1.72,0.06,3.6145,10715268,1,0,0,0,0,1,1,1,2,4,3
2015-08-27,1.74,1.84,1.74,1.78,0.06,3.4884,11839293,1,0,0,0,1,0,4,1,2,7,2
2015-08-28,1.75,1.87,1.75,1.85,0.07,3.9326,10924564,1,0,0,0,0,1,4,1,7,12,8
2015-08-31,1.82,1.87,1.79,1.81,-0.04,-2.1622,6516004,0,1,0,0,1,0,4,0,0,4,0
2015-09-01,1.77,1.82,1.71,1.71,-0.1,-5.5249,8470710,0,1,0,0,0,1,5,1,1,7,1
2015-09-02,1.75,1.77,1.72,1.77,0.06,3.5088,6306136,1,0,0,0,1,0,5,0,2,7,3
2015-09-03,1.76,1.85,1.76,1.79,0.02,1.1299,7154356,1,0,0,1,0,0,5,0,3,8,2
2015-09-04,1.76,1.84,1.76,1.82,0.03,1.676,6725294,1,0,0,1,0,0,5,0,4,9,6
2015-09-08,1.85,1.88,1.83,1.88,0.06,3.2967,6009499,1,0,0,0,1,0,3,3,5,11,9
2015-09-09,1.9,1.97,1.83,1.85,-0.03,-1.5957,12612253,0,1,0,1,0,0,5,1,2,8,2
2015-09-10,1.84,1.88,1.83,1.84,-0.01,-0.5405,4290423,0,1,1,0,0,0,5,1,5,11,4
2015-09-11,1.88,2.14,1.81,2.01,0.17,9.2391,31010289,1,0,0,0,0,1,5,2,8,15,9
2015-09-14,2.0,2.0,1.81,1.82,-0.19,-9.4527,16458540,0,1,0,0,0,1,5,2,0,7,0
2015-09-15,1.84,1.87,1.81,1.86,0.04,2.1978,6524360,1,0,0,0,1,0,5,0,4,9,6
2015-09-16,1.87,1.9,1.85,1.89,0.03,1.6129,4928291,1,0,0,1,0,0,5,0,7,12,9
2015-09-17,1.9,1.94,1.87,1.89,0.0,0.0,5831567,0,0,1,0,0,0,5,1,2,8,2
2015-09-18,1.87,1.92,1.85,1.87,-0.02,-1.0582,11814043,0,1,0,1,0,0,5,0,1,6,1
2015-09-21,1.87,1.9,1.81,1.81,-0.06,-3.2086,5377758,0,1,0,0,1,0,5,1,0,6,0
2015-09-22,1.8,1.84,1.72,1.73,-0.08,-4.4199,9975166,0,1,0,0,0,1,3,3,1,7,4
2015-09-23,1.76,1.78,1.69,1.7,-0.03,-1.7341,9649200,0,1,0,1,0,0,4,1,1,6,1
2015-09-24,1.68,1.73,1.66,1.72,0.02,1.1765,11247701,1,0,0,1,0,0,2,1,1,4,2
2015-09-25,1.75,1.75,1.68,1.71,-0.01,-0.5814,5644642,0,1,1,0,0,0,2,1,1,4,2
2015-09-28,1.69,1.7,1.66,1.66,-0.05,-2.924,5693063,0,1,0,0,1,0,0,1,1,2,3
2015-09-29,1.67,1.69,1.65,1.67,0.01,0.6024,7005323,1,0,1,0,0,0,0,1,1,2,3
2015-09-30,1.7,1.72,1.68,1.72,0.05,2.994,5739499,1,0,0,0,1,0,2,2,1,5,1
2015-10-01,1.77,1.77,1.72,1.74,0.02,1.1628,5531739,1,0,0,1,0,0,4,1,1,6,1
2015-10-02,1.76,1.83,1.72,1.83,0.09,5.1724,7146087,1,0,0,0,0,1,5,1,5,11,4
2015-10-05,1.82,1.87,1.77,1.8,-0.03,-1.6393,7595560,0,1,0,1,0,0,5,3,4,12,8
2015-10-06,1.8,1.86,1.8,1.83,0.03,1.6667,8665487,1,0,0,1,0,0,5,1,3,9,1
2015-10-07,1.82,1.87,1.82,1.86,0.03,1.6393,7859214,1,0,0,1,0,0,6,1,8,15,9
2015-10-08,1.87,1.95,1.85,1.93,0.07,3.7634,9198667,1,0,0,0,0,1,3,0,4,7,7
2015-10-09,1.92,1.96,1.89,1.96,0.03,1.5544,8629061,1,0,0,1,0,0,2,3,5,10,9
2015-10-12,1.96,1.96,1.85,1.87,-0.09,-4.5918,7687701,0,1,0,0,0,1,4,0,1,5,1
2015-10-13,1.87,1.94,1.86,1.92,0.05,2.6738,6698446,1,0,0,0,1,0,2,0,7,9,10
2015-10-14,1.92,1.96,1.92,1.95,0.03,1.5625,10184322,1,0,0,1,0,0,2,3,5,10,9
2015-10-15,1.97,2.06,1.95,1.97,0.02,1.0256,27327109,1,0,0,1,0,0,3,1,4,8,7
2015-10-16,2.0,2.0,1.89,1.94,-0.03,-1.5228,21544863,0,1,0,1,0,0,4,2,4,10,5
2015-10-19,1.91,2.01,1.91,2.01,0.07,3.6082,10670760,1,0,0,0,0,1,3,3,7,13,10
2015-10-20,2.0,2.03,1.97,2.02,0.01,0.4975,5584188,1,0,1,0,0,0,2,1,7,10,9
2015-10-21,2.02,2.12,2.01,2.1,0.08,3.9604,14966473,1,0,0,0,0,1,2,1,4,7,7
2015-10-22,2.1,2.16,2.09,2.14,0.04,1.9048,8208419,1,0,0,1,0,0,2,1,5,8,7
2015-10-23,2.1,2.21,2.1,2.21,0.07,3.2710000000000004,9564205,1,0,0,0,1,0,0,0,7,7,10
2015-10-26,2.21,2.21,2.12,2.15,-0.06,-2.7149,6313499,0,1,0,0,1,0,2,1,5,8,7
2015-10-27,2.12,2.16,2.1,2.15,0.0,0.0,5755594,0,0,1,0,0,0,0,1,4,5,8
2015-10-28,2.14,2.2,2.12,2.18,0.03,1.3953,6950607,1,0,0,1,0,0,0,1,7,8,10
2015-10-29,2.15,2.18,2.11,2.13,-0.05,-2.2936,4500419,0,1,0,0,1,0,4,1,3,8,2
2015-10-30,2.14,2.15,2.12,2.12,-0.01,-0.4695,4897116,0,1,1,0,0,0,4,1,4,9,5
2015-11-02,2.13,2.19,2.11,2.19,0.07,3.3019,5858746,1,0,0,0,1,0,2,1,7,10,9
2015-11-03,2.16,2.29,2.16,2.28,0.09,4.1096,8705832,1,0,0,0,0,1,0,3,5,8,9
2015-11-04,2.27,2.3,2.18,2.2,-0.08,-3.5088,8205318,0,1,0,0,1,0,4,1,4,9,5
2015-11-05,2.21,2.24,2.17,2.2,0.0,0.0,4302179,0,0,1,0,0,0,4,1,7,12,8
2015-11-06,2.19,2.21,2.13,2.15,-0.05,-2.2727,8997105,0,1,0,0,1,0,5,3,0,8,1
2015-11-09,2.15,2.18,2.1,2.11,-0.04,-1.8605,6231734,0,1,0,1,0,0,5,1,0,6,0
2015-11-10,2.09,2.1,2.02,2.02,-0.09,-4.2654,6162153,0,1,0,0,0,1,3,1,0,4,0
2015-11-11,2.02,2.09,2.02,2.07,0.05,2.4752,3532050,1,0,0,0,1,0,2,1,4,7,7
2015-11-12,2.05,2.07,2.0,2.0,-0.07,-3.3816,3576805,0,1,0,0,1,0,2,1,1,4,2
2015-11-13,1.99,2.04,1.94,1.99,-0.01,-0.5,5920191,0,1,1,0,0,0,2,1,1,4,2
2015-11-16,1.99,2.02,1.95,1.99,0.0,0.0,4149664,0,0,1,0,0,0,2,1,0,3,0
2015-11-17,2.01,2.04,1.97,1.98,-0.01,-0.5025,5825098,0,1,1,0,0,0,4,1,3,8,2
2015-11-18,1.99,2.15,1.98,2.12,0.14,7.0707,9384658,1,0,0,0,0,1,5,0,7,12,9
2015-11-19,2.1,2.16,2.09,2.14,0.02,0.9434,4704259,1,0,0,1,0,0,5,0,5,10,5
2015-11-20,2.14,2.25,2.13,2.22,0.08,3.7383,10727076,1,0,0,0,0,1,6,2,4,12,4
2015-11-23,2.22,2.24,2.18,2.22,0.0,0.0,4863244,0,0,1,0,0,0,5,2,8,15,9
2015-11-24,2.2,2.4,2.17,2.34,0.12,5.4054,15859712,1,0,0,0,0,1,2,2,7,11,9
2015-11-25,2.36,2.4,2.31,2.38,0.04,1.7094,6915207,1,0,0,1,0,0,0,0,5,5,8
2015-11-27,2.37,2.38,2.32,2.33,-0.05,-2.1008,2606577,0,1,0,0,1,0,2,0,5,7,7
2015-11-30,2.34,2.37,2.25,2.36,0.03,1.2876,9924441,1,0,0,1,0,0,2,1,5,8,7
2015-12-01,2.36,2.37,2.31,2.34,-0.02,-0.8475,5646364,0,1,1,0,0,0,2,1,5,8,7
2015-12-02,2.31,2.34,2.23,2.27,-0.07,-2.9915,7501680,0,1,0,0,1,0,4,0,0,4,0
2015-12-03,2.25,2.31,2.2,2.23,-0.04,-1.7621,7059859,0,1,0,1,0,0,5,0,0,5,0
2015-12-04,2.23,2.29,2.21,2.28,0.05,2.2422,4573578,1,0,0,0,1,0,5,1,8,14,9
2015-12-07,2.26,2.36,2.21,2.36,0.075,3.2895,8479583,1,0,0,0,1,0,3,1,7,11,9
2015-12-08,2.34,2.4,2.25,2.39,0.035,1.4862,9056162,1,0,0,1,0,0,0,1,7,8,10
2015-12-09,2.37,2.4,2.32,2.35,-0.04,-1.6736,8709960,0,1,0,1,0,0,2,1,4,7,7
2015-12-10,2.36,2.5,2.33,2.45,0.1,4.2553,13069423,1,0,0,0,0,1,2,3,7,12,10
2015-12-11,2.41,2.47,2.36,2.36,-0.09,-3.6735,11890021,0,1,0,0,0,1,5,1,0,6,0
2015-12-14,2.36,2.39,2.3,2.34,-0.02,-0.8475,7700690,0,1,1,0,0,0,5,1,4,10,4
2015-12-15,2.35,2.43,2.32,2.36,0.02,0.8547,7423859,1,0,1,0,0,0,5,3,0,8,1
2015-12-16,2.39,2.55,2.37,2.54,0.18,7.6271,19543566,1,0,0,0,0,1,3,3,8,14,10
2015-12-17,2.52,2.6,2.52,2.56,0.02,0.7874,11374071,1,0,1,0,0,0,2,0,5,7,7
2015-12-18,2.51,2.55,2.42,2.45,-0.11,-4.2969,17988100,0,1,0,0,0,1,4,1,3,8,2
2015-12-21,2.47,2.53,2.43,2.53,0.08,3.2653,6876564,1,0,0,0,1,0,2,1,8,11,10
2015-12-22,2.55,2.78,2.54,2.77,0.24,9.4862,24893205,1,0,0,0,0,1,0,0,5,5,8
2015-12-23,2.76,2.94,2.75,2.83,0.06,2.1661,30365300,1,0,0,0,1,0,0,0,5,5,8
2015-12-24,2.88,3.0,2.86,2.92,0.09,3.1802,11900888,1,0,0,0,1,0,0,0,4,4,9
2015-12-28,2.91,3.02,2.86,3.0,0.08,2.7397,16050492,1,0,0,0,1,0,0,0,7,7,10
2015-12-29,3.04,3.06,2.97,3.0,0.0,0.0,15300911,0,0,1,0,0,0,0,1,5,6,7
2015-12-30,2.99,3.04,2.93,2.98,-0.02,-0.6667,10046610,0,1,1,0,0,0,0,1,5,6,7
2015-12-31,2.97,3.01,2.87,2.87,-0.11,-3.6913,11086106,0,1,0,0,0,1,4,1,5,10,4
2016-01-04,2.77,2.82,2.63,2.77,-0.1,-3.4843,32516771,0,1,0,0,1,0,4,1,3,8,2
2016-01-05,2.77,2.8,2.64,2.75,-0.02,-0.722,12972260,0,1,1,0,0,0,4,1,4,9,5
2016-01-06,2.66,2.71,2.47,2.51,-0.245,-8.9091,23759374,0,1,0,0,0,1,4,3,0,7,1
2016-01-07,2.43,2.48,2.26,2.28,-0.23,-9.1816,22203514,0,1,0,0,0,1,2,0,0,2,0
2016-01-08,2.36,2.42,2.1,2.14,-0.135,-5.9341,31822424,0,1,0,0,0,1,1,2,0,3,0
2016-01-11,2.16,2.36,2.12,2.34,0.2,9.3458,19629314,1,0,0,0,0,1,6,0,2,8,2
2016-01-12,2.4,2.46,2.28,2.39,0.05,2.1368,17986135,1,0,0,0,1,0,4,0,3,7,3
2016-01-13,2.4,2.45,2.21,2.25,-0.14,-5.8577,12749689,0,1,0,0,0,1,2,0,1,3,2
2016-01-14,2.29,2.35,2.21,2.21,-0.04,-1.7778,15666568,0,1,0,1,0,0,1,0,1,2,1
2016-01-15,2.1,2.13,1.99,2.03,-0.18,-8.1448,21199273,0,1,0,0,0,1,1,1,1,3,1
2016-01-19,2.08,2.11,1.9,1.95,-0.08,-3.9409,18978876,0,1,0,0,0,1,0,1,2,3,6
2016-01-20,1.81,1.95,1.75,1.8,-0.15,-7.6923,29243601,0,1,0,0,0,1,0,1,1,2,3
2016-01-21,1.82,2.18,1.81,2.09,0.29,16.1111,26387931,1,0,0,0,0,1,4,1,1,6,1
2016-01-22,2.11,2.17,1.98,2.02,-0.07,-3.3493,16245515,0,1,0,0,1,0,4,1,1,6,1
2016-01-25,2.01,2.15,2.01,2.12,0.1,4.9505,13080926,1,0,0,0,0,1,4,1,2,7,2
2016-01-26,2.14,2.15,2.03,2.07,-0.05,-2.3585,11097391,0,1,0,0,1,0,4,2,1,7,1
2016-01-27,2.08,2.18,2.07,2.13,0.06,2.8986,10833249,1,0,0,0,1,0,4,1,4,9,5
2016-01-28,2.16,2.17,2.07,2.08,-0.05,-2.3474,7118372,0,1,0,0,1,0,4,1,1,6,1
2016-01-29,2.09,2.2,2.07,2.2,0.12,5.7692,11998088,1,0,0,0,0,1,4,1,4,9,5
2016-02-01,2.17,2.19,2.11,2.14,-0.06,-2.7273,8816117,0,1,0,0,1,0,4,3,1,8,3
2016-02-02,2.11,2.14,1.96,1.99,-0.15,-7.0093,11224069,0,1,0,0,0,1,4,3,0,7,1
2016-02-03,2.04,2.08,1.95,2.07,0.08,4.0201,9978631,1,0,0,0,0,1,4,3,4,11,8
2016-02-04,2.06,2.17,2.03,2.09,0.02,0.9662,8284838,1,0,0,1,0,0,4,1,0,5,0
2016-02-05,2.06,2.08,1.98,1.98,-0.11,-5.2632,7914421,0,1,0,0,0,1,4,1,1,6,1
2016-02-08,1.97,1.98,1.87,1.93,-0.05,-2.5253,11588981,0,1,0,0,1,0,4,3,1,8,3
2016-02-09,1.89,2.0,1.85,1.9,-0.03,-1.5544,14991465,0,1,0,1,0,0,4,1,1,6,1
2016-02-10,1.92,1.98,1.83,1.84,-0.06,-3.1579,9466130,0,1,0,0,1,0,2,1,1,4,2
2016-02-11,1.82,1.94,1.81,1.86,0.02,1.087,7858282,1,0,0,1,0,0,1,1,1,3,1
2016-02-12,1.89,1.91,1.82,1.83,-0.03,-1.6129,9957298,0,1,0,1,0,0,1,1,1,3,1
2016-02-16,1.86,1.9,1.82,1.83,0.0,0.0,11853372,0,0,1,0,0,0,0,1,1,2,3
2016-02-17,1.85,1.94,1.85,1.9,0.07,3.8251,13770167,1,0,0,0,0,1,4,1,1,6,1
2016-02-18,1.93,1.98,1.9,1.91,0.01,0.5263,10823412,1,0,1,0,0,0,4,3,3,10,5
2016-02-19,1.93,1.93,1.83,1.91,0.0,0.0,7784114,0,0,1,0,0,0,4,1,1,6,1
2016-02-22,1.94,2.04,1.93,2.01,0.1,5.2356,9895491,1,0,0,0,0,1,4,2,3,9,2
2016-02-23,2.04,2.06,1.97,1.97,-0.04,-1.99,6710579,0,1,0,0,1,0,4,1,4,9,5
2016-02-24,1.98,2.04,1.93,2.02,0.05,2.5381,6906231,1,0,0,0,1,0,4,1,4,9,5
2016-02-25,2.02,2.04,1.98,2.03,0.01,0.495,5614399,1,0,1,0,0,0,2,2,4,8,7
2016-02-26,2.04,2.1,2.03,2.07,0.04,1.9704,7911456,1,0,0,0,1,0,2,1,2,5,4
2016-02-29,2.06,2.15,2.05,2.14,0.07,3.3816,11400321,1,0,0,0,1,0,1,3,4,8,9
2016-03-01,2.16,2.2,2.12,2.18,0.04,1.8692,9011185,1,0,0,1,0,0,1,0,7,8,9
2016-03-02,2.2,2.33,2.18,2.32,0.14,6.4220000000000015,10845691,1,0,0,0,0,1,0,0,8,8,10
2016-03-03,2.32,2.55,2.3,2.46,0.14,6.0345,22092400,1,0,0,0,0,1,0,0,4,4,9
2016-03-04,2.42,2.5,2.34,2.37,-0.09,-3.6585,15448987,0,1,0,0,0,1,2,1,7,10,9
2016-03-07,2.36,2.47,2.36,2.47,0.1,4.2194,8801832,1,0,0,0,0,1,0,0,4,4,9
2016-03-08,2.44,2.46,2.3,2.3,-0.17,-6.8826,10026930,0,1,0,0,0,1,4,0,4,8,6
2016-03-09,2.32,2.35,2.2,2.26,-0.04,-1.7391,13082444,0,1,0,1,0,0,4,0,2,6,3
2016-03-10,2.29,2.31,2.15,2.26,0.0,0.0,9625514,0,0,1,0,0,0,4,2,3,9,2
2016-03-11,2.29,2.54,2.29,2.52,0.26,11.5044,21382383,1,0,0,0,0,1,2,3,8,13,10
2016-03-14,2.53,2.75,2.5,2.72,0.2,7.9365,33848017,1,0,0,0,0,1,0,0,7,7,10
2016-03-15,2.67,2.69,2.45,2.49,-0.23,-8.4559,21573551,0,1,0,0,0,1,4,1,5,10,4
2016-03-16,2.5,2.64,2.49,2.63,0.14,5.6225,13015657,1,0,0,0,0,1,1,1,3,5,2
2016-03-17,2.77,2.81,2.7,2.8,0.17,6.4639,29000838,1,0,0,0,0,1,1,1,8,10,10
2016-03-18,2.8,2.93,2.77,2.93,0.13,4.6429,26330503,1,0,0,0,0,1,0,0,4,4,9
2016-03-21,2.9,2.9,2.75,2.8,-0.13,-4.4369,13464942,0,1,0,0,0,1,1,1,7,9,9
2016-03-22,2.73,2.85,2.71,2.79,-0.01,-0.3571,10315800,0,1,1,0,0,0,1,1,5,7,5
2016-03-23,2.8,2.83,2.68,2.68,-0.11,-3.9427,10167129,0,1,0,0,0,1,4,1,4,9,5
2016-03-24,2.69,2.81,2.62,2.79,0.11,4.1045,10040161,1,0,0,0,0,1,2,1,7,10,9
2016-03-28,2.81,2.84,2.73,2.78,-0.01,-0.3584,7683731,0,1,1,0,0,0,2,1,5,8,7
2016-03-29,2.74,2.88,2.7,2.86,0.08,2.8777,13616186,1,0,0,0,1,0,1,1,4,6,6
2016-03-30,2.88,2.98,2.85,2.86,0.0,0.0,14945925,0,0,1,0,0,0,1,3,7,11,10
2016-03-31,2.84,2.88,2.8,2.85,-0.01,-0.3497,9071495,0,1,1,0,0,0,1,1,4,6,6
2016-04-01,2.79,2.88,2.76,2.83,-0.02,-0.7018,8257676,0,1,1,0,0,0,4,1,7,12,8
2016-04-04,2.83,2.87,2.8,2.83,0.0,0.0,5591055,0,0,1,0,0,0,4,3,4,11,8
2016-04-05,2.76,2.84,2.72,2.76,-0.07,-2.4735,9640183,0,1,0,0,1,0,4,1,2,7,2
2016-04-06,2.75,2.8,2.72,2.8,0.04,1.4493,12534644,1,0,0,1,0,0,4,1,8,13,9
2016-04-07,2.76,2.83,2.61,2.64,-0.16,-5.7143,13479207,0,1,0,0,0,1,2,1,0,3,0
2016-04-08,2.7,2.76,2.68,2.74,0.1,3.7879,8489046,1,0,0,0,0,1,4,1,7,12,8
2016-04-11,2.76,2.82,2.74,2.76,0.02,0.7299,9045056,1,0,1,0,0,0,4,1,4,9,5
2016-04-12,2.79,2.85,2.76,2.81,0.05,1.8116,16131946,1,0,0,1,0,0,4,1,7,12,8
2016-04-13,2.78,2.82,2.73,2.8,-0.01,-0.3559,8047980,0,1,1,0,0,0,4,1,3,8,2
2016-04-14,2.77,2.79,2.7,2.72,-0.08,-2.8571,8985330,0,1,0,0,1,0,4,1,0,5,0
2016-04-15,2.72,2.75,2.68,2.7,-0.02,-0.7353,7487498,0,1,1,0,0,0,4,1,0,5,0
2016-04-18,2.67,2.8,2.65,2.76,0.06,2.2222,8938814,1,0,0,0,1,0,4,0,7,11,9
2016-04-19,2.78,2.78,2.61,2.62,-0.14,-5.0725,11719940,0,1,0,0,0,1,2,0,0,2,0
2016-04-20,2.62,2.72,2.61,2.7,0.08,3.0534,7926104,1,0,0,0,1,0,4,2,8,14,9
2016-04-21,2.65,2.7,2.6,2.62,-0.08,-2.963,13957207,0,1,0,0,1,0,1,0,0,1,0
2016-04-22,3.19,3.99,3.18,3.99,1.37,52.2901,143265305,1,0,0,0,0,1,0,3,8,11,10
2016-04-25,3.81,3.82,3.31,3.45,-0.54,-13.5338,80607909,0,1,0,0,0,1,4,1,5,10,4
2016-04-26,3.45,3.75,3.44,3.66,0.21,6.0870000000000015,36336919,1,0,0,0,0,1,4,0,5,9,6
2016-04-27,3.55,3.75,3.53,3.73,0.07,1.9126,24186756,1,0,0,1,0,0,2,1,5,8,7
2016-04-28,3.69,3.8,3.6,3.61,-0.12,-3.2172,20230013,0,1,0,0,1,0,4,1,5,10,4
2016-04-29,3.69,3.69,3.45,3.55,-0.06,-1.662,17717828,0,1,0,1,0,0,4,1,5,10,4
2016-05-02,3.58,3.75,3.57,3.74,0.19,5.3521,16972770,1,0,0,0,0,1,2,3,5,10,9
2016-05-03,3.7,3.71,3.58,3.6,-0.14,-3.7433,13784844,0,1,0,0,0,1,4,1,5,10,4
2016-05-04,3.54,3.67,3.54,3.6,0.0,0.0,8688477,0,0,1,0,0,0,4,1,5,10,4
2016-05-05,3.64,3.8,3.61,3.66,0.06,1.6667,21529565,1,0,0,1,0,0,4,1,5,10,4
2016-05-06,3.65,3.75,3.64,3.68,0.02,0.5464,11839343,1,0,1,0,0,0,4,1,4,9,5
2016-05-09,3.66,3.68,3.45,3.65,-0.03,-0.8152,16299366,0,1,1,0,0,0,4,1,7,12,8
2016-05-10,3.66,3.68,3.56,3.64,-0.01,-0.274,9415073,0,1,1,0,0,0,4,1,4,9,5
2016-05-11,3.61,3.68,3.6,3.65,0.01,0.2747,7540251,1,0,1,0,0,0,4,3,4,11,8
2016-05-12,3.65,3.68,3.55,3.59,-0.06,-1.6438,9255810,0,1,0,1,0,0,4,1,3,8,2
2016-05-13,3.56,3.73,3.55,3.67,0.08,2.2284,16470076,1,0,0,0,1,0,4,1,8,13,9
2016-05-16,3.67,3.85,3.65,3.79,0.12,3.2698,14703837,1,0,0,0,1,0,2,1,4,7,7
2016-05-17,3.8,3.98,3.69,3.79,0.0,0.0,20066139,0,0,1,0,0,0,4,1,7,12,8
2016-05-18,3.79,3.97,3.77,3.84,0.05,1.3193,19506922,1,0,0,1,0,0,4,3,6,13,8
2016-05-19,3.83,3.85,3.69,3.77,-0.07,-1.8229,17696860,0,1,0,1,0,0,4,1,6,11,4
2016-05-20,3.83,3.9,3.81,3.87,0.1,2.6525,13799647,1,0,0,0,1,0,4,0,4,8,6
2016-05-23,3.9,4.2,3.88,4.04,0.17,4.3928,35467015,1,0,0,0,0,1,4,0,7,11,9
2016-05-24,4.09,4.21,3.92,4.2,0.16,3.9604,34283908,1,0,0,0,0,1,0,2,6,8,7
2016-05-25,4.24,4.35,4.15,4.18,-0.02,-0.4762,24719916,0,1,1,0,0,0,0,0,6,6,8
2016-05-26,4.19,4.38,4.17,4.35,0.17,4.067,22625701,1,0,0,0,0,1,0,0,6,6,8
2016-05-27,4.39,4.63,4.37,4.6,0.25,5.7471,34429620,1,0,0,0,0,1,0,0,6,6,8
2016-05-31,4.67,4.71,4.5,4.57,-0.03,-0.6522,25379192,0,1,1,0,0,0,0,0,6,6,8
2016-06-01,4.6,4.64,4.38,4.43,-0.14,-3.0635,29696360,0,1,0,0,1,0,4,1,6,11,4
2016-06-02,4.37,4.4,4.07,4.24,-0.19,-4.2889,35335045,0,1,0,0,0,1,5,1,3,9,1
2016-06-03,4.16,4.2,4.08,4.16,-0.08,-1.8868,17561799,0,1,0,1,0,0,5,3,4,12,8
2016-06-06,4.2,4.51,4.17,4.47,0.31,7.4519,21329634,1,0,0,0,0,1,5,1,8,14,9
2016-06-07,4.56,4.67,4.47,4.51,0.04,0.8949,20676178,1,0,0,1,0,0,3,3,6,12,9
2016-06-08,4.54,4.56,4.38,4.46,-0.05,-1.1086,16074328,0,1,0,1,0,0,5,3,6,14,7
2016-06-09,4.41,4.54,4.32,4.52,0.06,1.3453,16219074,1,0,0,1,0,0,5,1,6,12,4
2016-06-10,4.4,4.47,4.3,4.32,-0.2,-4.4248,15106516,0,1,0,0,0,1,5,1,2,8,2
2016-06-13,4.32,4.48,4.32,4.4,0.08,1.8519,13540907,1,0,0,1,0,0,5,1,7,13,8
2016-06-14,4.4,4.51,4.33,4.39,-0.01,-0.2273,16757413,0,1,1,0,0,0,5,1,3,9,1
2016-06-15,4.44,4.48,4.3,4.42,0.03,0.6834,11575250,1,0,1,0,0,0,5,1,7,13,8
2016-06-16,4.5,4.75,4.46,4.75,0.33,7.4661,34182650,1,0,0,0,0,1,3,3,7,13,10
2016-06-17,4.75,5.27,4.68,5.26,0.51,10.7368,64894090,1,0,0,0,0,1,0,2,6,8,7
2016-06-20,5.39,5.45,5.09,5.1,-0.16,-3.0418,43541305,0,1,0,0,1,0,4,0,6,10,6
2016-06-21,5.1,5.5,5.09,5.45,0.35,6.8627,35864591,1,0,0,0,0,1,0,0,6,6,8
2016-06-22,5.46,5.52,4.96,5.02,-0.43,-7.8899,47943335,0,1,0,0,0,1,5,1,6,12,4
2016-06-23,5.17,5.26,5.05,5.21,0.19,3.7849,29159174,1,0,0,0,0,1,5,1,6,12,4
2016-06-24,4.82,5.07,4.76,4.88,-0.33,-6.334,36735157,0,1,0,0,0,1,5,1,3,9,1
2016-06-27,4.88,5.05,4.65,4.72,-0.16,-3.2787,31187599,0,1,0,0,1,0,5,2,4,11,4
2016-06-28,4.95,5.19,4.91,5.12,0.4,8.4746,29221367,1,0,0,0,0,1,5,1,8,14,9
2016-06-29,5.31,5.4,5.1,5.13,0.01,0.1953,33118283,1,0,1,0,0,0,5,1,6,12,4
2016-06-30,5.13,5.19,4.95,5.14,0.01,0.1949,26124847,1,0,1,0,0,0,5,1,6,12,4
2016-07-01,5.09,5.14,5.0,5.07,-0.07,-1.3619,18255878,0,1,0,1,0,0,5,1,4,10,4
2016-07-05,5.03,5.05,4.88,4.96,-0.11,-2.1696,16332466,0,1,0,0,1,0,5,0,3,8,2
2016-07-06,4.91,5.11,4.9,5.04,0.08,1.6129,19392887,1,0,0,1,0,0,4,1,7,12,8
2016-07-07,5.07,5.1,4.94,5.02,-0.02,-0.3968,15813768,0,1,1,0,0,0,4,1,3,8,2
2016-07-08,4.84,5.15,4.82,5.1,0.08,1.5936,28140749,1,0,0,1,0,0,4,1,7,12,8
2016-07-11,5.13,5.19,5.0,5.01,-0.09,-1.7647,21027948,0,1,0,1,0,0,4,1,4,9,5
2016-07-12,5.01,5.17,5.01,5.14,0.13,2.5948,20832476,1,0,0,0,1,0,4,1,8,13,9
2016-07-13,5.14,5.19,5.04,5.09,-0.05,-0.9728,14032518,0,1,0,1,0,0,4,1,4,9,5
2016-07-14,5.15,5.24,5.06,5.17,0.08,1.5717,20050141,1,0,0,1,0,0,4,1,5,10,4
2016-07-15,5.2,5.2,5.1,5.14,-0.03,-0.5803,14219263,0,1,1,0,0,0,4,0,5,9,6
2016-07-18,5.19,5.57,5.13,5.51,0.37,7.1984,38619404,1,0,0,0,0,1,2,2,7,11,9
2016-07-19,5.5,5.55,5.34,5.41,-0.1,-1.8149,23439607,0,1,0,1,0,0,4,0,6,10,6
2016-07-20,5.48,5.5,5.4,5.41,0.0,0.0,20102373,0,0,1,0,0,0,4,3,4,11,8
2016-07-21,5.43,5.45,5.1,5.22,-0.19,-3.512,40242023,0,1,0,0,0,1,4,2,4,10,5
2016-07-22,5.73,5.97,5.45,5.84,0.62,11.8774,101838278,1,0,0,0,0,1,2,3,8,13,10
2016-07-25,5.93,6.95,5.92,6.7,0.86,14.726,118328614,1,0,0,0,0,1,2,0,6,8,7
2016-07-26,6.76,7.16,6.71,6.98,0.28,4.1791,81230638,1,0,0,0,0,1,0,0,6,6,8
2016-07-27,6.93,6.98,6.68,6.85,-0.13,-1.8625,38567259,0,1,0,1,0,0,0,0,6,6,8
2016-07-28,6.79,6.98,6.74,6.82,-0.03,-0.438,27515622,0,1,1,0,0,0,0,1,6,7,7
2016-07-29,6.88,6.96,6.75,6.86,0.04,0.5865,22580538,1,0,1,0,0,0,0,1,6,7,7
2016-08-01,6.89,6.92,6.57,6.64,-0.22,-3.207,26729026,0,1,0,0,1,0,4,1,6,11,4
2016-08-02,6.56,6.6,6.15,6.26,-0.38,-5.7229,40816397,0,1,0,0,0,1,5,1,3,9,1
2016-08-03,6.18,6.45,6.15,6.3,0.04,0.639,23807809,1,0,1,0,0,0,5,1,4,10,4
2016-08-04,6.39,6.61,6.37,6.47,0.17,2.6984,22411032,1,0,0,0,1,0,5,1,8,14,9
2016-08-05,6.56,6.76,6.47,6.61,0.14,2.1638,20163999,1,0,0,0,1,0,5,3,6,14,7
2016-08-08,6.7,6.85,6.65,6.68,0.07,1.0590000000000002,21462238,1,0,0,1,0,0,5,1,4,10,4
2016-08-09,6.75,6.78,6.54,6.6,-0.08,-1.1976,16772428,0,1,0,1,0,0,5,1,5,11,4
2016-08-10,6.35,6.58,6.25,6.49,-0.11,-1.6667,29070733,0,1,0,1,0,0,5,1,3,9,1
2016-08-11,6.5,6.59,6.46,6.58,0.09,1.3867,13240292,1,0,0,1,0,0,5,1,7,13,8
2016-08-12,6.6,6.79,6.55,6.73,0.15,2.2796,25466386,1,0,0,0,1,0,5,1,5,11,4
2016-08-15,6.79,6.97,6.78,6.95,0.22,3.2689,28339380,1,0,0,0,1,0,3,1,7,11,9
2016-08-16,6.94,6.94,6.65,6.78,-0.17,-2.446,26768769,0,1,0,0,1,0,5,1,6,12,4
2016-08-17,6.7,6.75,6.61,6.68,-0.1,-1.4749,13791311,0,1,0,1,0,0,5,1,3,9,1
2016-08-18,6.74,7.07,6.73,7.04,0.36,5.3892,30783305,1,0,0,0,0,1,3,3,8,14,10
2016-08-19,7.24,8.0,7.22,7.62,0.58,8.2386,75129305,1,0,0,0,0,1,4,2,6,12,4
2016-08-22,7.83,7.95,7.37,7.58,-0.04,-0.5249,41519225,0,1,1,0,0,0,4,0,6,10,6
2016-08-23,7.66,7.74,7.53,7.67,0.09,1.1873,27531065,1,0,0,1,0,0,2,0,6,8,7
2016-08-24,7.67,7.67,7.37,7.43,-0.24,-3.1291,22943869,0,1,0,0,1,0,5,0,6,11,5
2016-08-25,7.49,7.49,7.2,7.47,0.035,0.4711,16451281,1,0,1,0,0,0,5,0,6,11,5
2016-08-26,7.49,7.8,7.46,7.67,0.205,2.7461,31387878,1,0,0,0,1,0,3,3,6,12,9
2016-08-29,7.72,7.79,7.57,7.59,-0.08,-1.043,16916273,0,1,0,1,0,0,5,0,6,11,5
2016-08-30,7.61,7.64,7.41,7.49,-0.1,-1.3175,16088129,0,1,0,1,0,0,5,3,6,14,7
2016-08-31,7.52,7.52,7.28,7.4,-0.09,-1.2016,18808801,0,1,0,1,0,0,5,1,3,9,1
2016-09-01,7.18,7.44,7.09,7.35,-0.05,-0.6757,22284592,0,1,1,0,0,0,5,1,4,10,4
2016-09-02,7.49,7.64,7.38,7.51,0.16,2.1769,18538362,1,0,0,0,1,0,5,1,7,13,8
2016-09-06,7.56,7.6,7.25,7.34,-0.17,-2.2636,24994613,0,1,0,0,1,0,5,1,3,9,1
2016-09-07,7.05,7.07,6.78,6.84,-0.5,-6.812,57721907,0,1,0,0,0,1,3,1,0,4,0
2016-09-08,6.64,6.65,6.15,6.23,-0.615,-8.9912,90814651,0,1,0,0,0,1,3,0,0,3,0
2016-09-09,6.23,6.24,5.85,5.9,-0.325,-5.2209,170828036,0,1,0,0,0,1,0,0,2,2,7
2016-09-12,5.83,6.07,5.77,5.94,0.04,0.6779999999999999,78014372,1,0,1,0,0,0,1,0,1,2,1
2016-09-13,5.92,5.95,5.66,5.74,-0.2,-3.367,50819506,0,1,0,0,1,0,1,0,3,4,3
2016-09-14,5.75,6.08,5.75,6.04,0.3,5.2265,64344764,1,0,0,0,0,1,1,1,2,4,3
2016-09-15,6.09,6.2,5.95,6.02,-0.02,-0.3311,52718477,0,1,1,0,0,0,1,1,2,4,3
2016-09-16,6.22,6.22,5.97,6.05,0.03,0.4983,47829445,1,0,1,0,0,0,1,1,2,4,3
2016-09-19,6.12,6.28,6.08,6.16,0.11,1.8182,37837160,1,0,0,1,0,0,4,1,2,7,2
2016-09-20,6.23,6.28,6.12,6.17,0.01,0.1623,28990858,1,0,1,0,0,0,4,1,2,7,2
2016-09-21,6.2,6.32,6.14,6.29,0.12,1.9449,33450003,1,0,0,0,1,0,4,1,4,9,5
2016-09-22,6.35,6.44,6.33,6.37,0.08,1.2719,35848186,1,0,0,1,0,0,4,2,7,13,8
2016-09-23,6.31,6.65,6.31,6.55,0.18,2.8257,61022355,1,0,0,0,1,0,4,1,7,12,8
2016-09-26,6.54,6.54,6.31,6.32,-0.23,-3.5115,29875788,0,1,0,0,0,1,4,1,0,5,0
2016-09-27,6.45,6.58,6.29,6.54,0.22,3.4810000000000003,30035862,1,0,0,0,1,0,2,3,5,10,9
2016-09-28,6.57,6.65,6.48,6.59,0.05,0.7645,27878252,1,0,1,0,0,0,2,1,8,11,10
2016-09-29,6.57,6.73,6.54,6.67,0.08,1.214,30746101,1,0,0,1,0,0,1,1,5,7,5
2016-09-30,6.7,7.04,6.7,6.91,0.24,3.5982,47453145,1,0,0,0,0,1,1,1,5,7,5
2016-10-03,6.95,7.15,6.87,6.95,0.04,0.5789,30456683,1,0,1,0,0,0,0,3,5,8,9
2016-10-04,7.0,7.09,6.89,6.97,0.02,0.2878,25770031,1,0,1,0,0,0,0,1,4,5,8
2016-10-05,6.97,7.01,6.7,6.78,-0.19,-2.7260000000000004,31235592,0,1,0,0,1,0,3,1,5,9,6
2016-10-06,6.72,6.98,6.63,6.96,0.18,2.6549,27059688,1,0,0,0,1,0,0,1,7,8,10
2016-10-07,6.92,6.96,6.62,6.75,-0.21,-3.0172,33058999,0,1,0,0,1,0,4,0,5,9,6
2016-10-10,6.82,6.94,6.8,6.84,0.09,1.3333,13800510,1,0,0,1,0,0,4,0,5,9,6
2016-10-11,6.8,6.84,6.38,6.5,-0.34,-4.9708,32510803,0,1,0,0,0,1,4,2,0,6,0
2016-10-12,6.64,6.77,6.42,6.62,0.12,1.8462,33592702,1,0,0,1,0,0,4,0,5,9,6
2016-10-13,6.5,6.54,6.24,6.49,-0.13,-1.9637,30401706,0,1,0,0,1,0,6,2,1,9,0
2016-10-14,6.92,7.12,6.74,6.75,0.26,4.0062,66934374,1,0,0,0,0,1,6,0,8,14,9
2016-10-17,6.92,6.97,6.64,6.67,-0.08,-1.1852,24261489,0,1,0,1,0,0,4,2,3,9,2
2016-10-18,6.76,6.89,6.69,6.73,0.06,0.8996,25314837,1,0,0,1,0,0,4,1,3,8,2
2016-10-19,6.7,6.8,6.57,6.77,0.04,0.5944,29420227,1,0,1,0,0,0,4,3,8,15,10
2016-10-20,6.81,6.98,6.77,6.96,0.19,2.8065,64607539,1,0,0,0,1,0,4,0,8,12,10
2016-10-21,6.5,6.65,6.37,6.52,-0.44,-6.3218,64243549,0,1,0,0,0,1,4,2,0,6,0
2016-10-24,6.57,7.01,6.54,7.01,0.485,7.4387,52998430,1,0,0,0,0,1,2,3,8,13,10
2016-10-25,6.9,7.5,6.87,7.5,0.495,7.0664,78862046,1,0,0,0,0,1,2,2,7,11,9
2016-10-26,7.4,7.48,7.26,7.29,-0.21,-2.8,47619312,0,1,0,0,1,0,1,1,6,8,6
2016-10-27,7.44,7.46,7.1,7.11,-0.18,-2.4691,37804176,0,1,0,0,1,0,4,0,6,10,6
2016-10-28,7.1,7.53,7.02,7.2,0.09,1.2658,77261334,1,0,0,1,0,0,4,0,6,10,6
2016-10-31,7.24,7.46,7.2,7.23,0.03,0.4167,42345904,1,0,1,0,0,0,4,0,5,9,6
2016-11-01,7.32,7.43,6.92,7.09,-0.14,-1.9364,39906861,0,1,0,0,1,0,4,0,3,7,3
2016-11-02,7.03,7.06,6.67,6.76,-0.33,-4.6544,33852218,0,1,0,0,0,1,4,0,0,4,0
2016-11-03,6.78,6.79,6.56,6.7,-0.06,-0.8876,33673558,0,1,0,1,0,0,4,2,1,7,1
2016-11-04,6.69,6.72,6.46,6.56,-0.14,-2.0896,32215709,0,1,0,0,1,0,2,0,3,5,4
2016-11-07,6.79,6.99,6.76,6.96,0.4,6.0976,36999238,1,0,0,0,0,1,4,0,8,12,10
2016-11-08,6.85,7.18,6.75,7.0,0.04,0.5747,37728535,1,0,1,0,0,0,6,0,7,13,8
2016-11-09,6.7,7.05,6.64,6.94,-0.06,-0.8571,38479532,0,1,0,1,0,0,4,0,1,5,1
2016-11-10,6.82,6.91,6.22,6.3,-0.645,-9.2939,71749547,0,1,0,0,0,1,2,0,0,2,0
2016-11-11,6.64,6.69,6.47,6.69,0.39,6.1954,39492150,1,0,0,0,0,1,4,1,2,7,2
2016-11-14,6.83,6.84,6.61,6.79,0.105,1.5707,29596401,1,0,0,1,0,0,4,1,3,8,2
2016-11-15,6.82,7.08,6.79,6.97,0.18,2.651,28909399,1,0,0,0,1,0,4,1,8,13,9
2016-11-16,7.09,7.75,7.07,7.67,0.7,10.043,78083174,1,0,0,0,0,1,2,3,8,13,10
2016-11-17,7.79,8.77,7.77,8.46,0.79,10.2999,124235450,1,0,0,0,0,1,4,0,6,10,6
2016-11-18,8.68,8.83,8.4,8.71,0.25,2.9551,62336214,1,0,0,0,1,0,0,0,6,6,8
2016-11-21,8.87,9.22,8.86,8.94,0.23,2.6406,65595921,1,0,0,0,1,0,0,0,6,6,8
2016-11-22,9.05,9.06,8.54,8.69,-0.25,-2.7964,71312775,0,1,0,0,1,0,1,0,6,7,6
2016-11-23,8.72,8.86,8.5,8.8,0.11,1.2658,34645960,1,0,0,1,0,0,1,0,6,7,6
2016-11-25,8.8,8.91,8.69,8.77,-0.03,-0.3409,14214120,0,1,1,0,0,0,1,1,6,8,6
2016-11-28,8.72,8.98,8.72,8.83,0.06,0.6842,25907789,1,0,1,0,0,0,1,1,6,8,6
2016-11-29,9.0,9.23,8.85,8.93,0.1,1.1325,54831388,1,0,0,1,0,0,0,1,6,7,7
2016-11-30,9.02,9.12,8.9,8.91,-0.02,-0.224,36511914,0,1,1,0,0,0,1,1,6,8,6
2016-12-01,8.92,9.03,8.26,8.39,-0.52,-5.8361,56682384,0,1,0,0,0,1,4,0,3,7,3
2016-12-02,8.38,8.74,8.38,8.53,0.14,1.6687,42398936,1,0,0,1,0,0,4,0,8,12,10
2016-12-05,8.69,8.71,8.45,8.68,0.15,1.7585,31410058,1,0,0,1,0,0,4,1,4,9,5
2016-12-06,8.95,9.54,8.82,9.45,0.77,8.871,92242854,1,0,0,0,0,1,0,1,7,8,10
2016-12-07,9.65,9.79,9.24,9.56,0.11,1.164,54897332,1,0,0,1,0,0,0,3,6,9,9
2016-12-08,9.9,10.66,9.8,10.34,0.78,8.158999999999999,104613009,1,0,0,0,0,1,0,1,6,7,7
2016-12-09,10.38,10.54,9.87,10.34,0.0,0.0,60600759,0,0,1,0,0,0,0,1,6,7,7
2016-12-12,10.4,10.93,10.38,10.68,0.34,3.2882,63342940,1,0,0,0,1,0,0,1,6,7,7
2016-12-13,10.75,10.8,10.4,10.54,-0.14,-1.3109,46967790,0,1,0,1,0,0,0,1,6,7,7
2016-12-14,10.43,10.74,10.27,10.55,0.01,0.0949,46968552,1,0,1,0,0,0,0,1,6,7,7
2016-12-15,10.68,10.93,10.64,10.86,0.31,2.9384,48871302,1,0,0,0,1,0,0,1,6,7,7
2016-12-16,10.94,11.23,10.6,10.66,-0.2,-1.8416,77777741,0,1,0,1,0,0,0,0,6,6,8
2016-12-19,10.81,11.0,10.52,10.95,0.29,2.7205,46085840,1,0,0,0,1,0,0,0,6,6,8
2016-12-20,11.19,11.51,11.15,11.51,0.56,5.1142,59314159,1,0,0,0,0,1,0,1,6,7,7
2016-12-21,11.61,11.72,11.31,11.47,-0.04,-0.3475,44814131,0,1,1,0,0,0,0,1,6,7,7
2016-12-22,11.65,11.75,11.47,11.6,0.13,1.1334,36450756,1,0,0,1,0,0,0,1,6,7,7
2016-12-23,11.3,11.6,11.26,11.58,-0.02,-0.1724,32288235,0,1,1,0,0,0,0,1,6,7,7
2016-12-27,11.65,12.08,11.6,12.07,0.49,4.2314,44336488,1,0,0,0,0,1,0,3,6,9,9
2016-12-28,12.28,12.42,11.46,11.55,-0.52,-4.3082,71254459,0,1,0,0,0,1,4,1,6,11,4
2016-12-29,11.24,11.62,11.01,11.59,0.04,0.3463,50234261,1,0,1,0,0,0,4,1,6,11,4
2016-12-30,11.7,11.78,11.25,11.34,-0.25,-2.157,44095368,0,1,0,0,1,0,5,3,3,11,4
2017-01-03,11.42,11.65,11.02,11.43,0.09,0.7937,55181960,1,0,1,0,0,0,5,1,8,14,9
2017-01-04,11.45,11.52,11.24,11.43,0.0,0.0,40781190,0,0,1,0,0,0,5,1,6,12,4
2017-01-05,11.43,11.69,11.23,11.24,-0.19,-1.6623,38855214,0,1,0,1,0,0,5,1,2,8,2
2017-01-06,11.29,11.49,11.11,11.32,0.08,0.7117,34453462,1,0,1,0,0,0,5,1,4,10,4
2017-01-09,11.37,11.64,11.31,11.49,0.17,1.5018,37304797,1,0,0,1,0,0,5,1,7,13,8
2017-01-10,11.55,11.63,11.33,11.44,-0.05,-0.4352,29201580,0,1,1,0,0,0,5,1,5,11,4
2017-01-11,11.39,11.41,11.15,11.2,-0.24,-2.0979,39377016,0,1,0,0,1,0,3,0,3,6,4
2017-01-12,10.98,11.04,10.33,10.76,-0.44,-3.9286,75244087,0,1,0,0,0,1,5,1,2,8,2
2017-01-13,10.79,10.87,10.56,10.58,-0.18,-1.6729,38377455,0,1,0,1,0,0,2,0,0,2,0
2017-01-17,10.17,10.23,9.78,9.82,-0.76,-7.1834,70491802,0,1,0,0,0,1,2,0,1,3,2
2017-01-18,9.54,10.1,9.42,9.88,0.06,0.611,51797592,1,0,1,0,0,0,4,0,2,6,3
2017-01-19,9.92,10.25,9.75,9.77,-0.11,-1.1134,46151282,0,1,0,1,0,0,2,0,2,4,5
2017-01-20,9.88,9.96,9.67,9.75,-0.02,-0.2047,27982147,0,1,1,0,0,0,1,1,2,4,3
2017-01-23,9.68,10.06,9.68,9.91,0.16,1.641,27905681,1,0,0,1,0,0,4,1,2,7,2
2017-01-24,9.95,10.49,9.95,10.44,0.53,5.3481,43991188,1,0,0,0,0,1,4,1,7,12,8
2017-01-25,10.74,10.98,10.15,10.35,-0.09,-0.8621,61886202,0,1,0,1,0,0,4,1,0,5,0
2017-01-26,10.35,10.66,10.3,10.52,0.17,1.6425,35866570,1,0,0,1,0,0,4,1,8,13,9
2017-01-27,10.6,10.73,10.52,10.67,0.15,1.4259,32719173,1,0,0,1,0,0,4,1,7,12,8
2017-01-30,10.62,10.68,10.3,10.61,-0.06,-0.5623,37724991,0,1,1,0,0,0,4,1,4,9,5
2017-01-31,10.6,10.67,10.22,10.37,-0.24,-2.262,53704949,0,1,0,0,1,0,4,1,0,5,0
2017-02-01,10.9,12.14,10.81,12.06,1.69,16.297,165939278,1,0,0,0,0,1,2,3,8,13,10
2017-02-02,11.98,12.66,11.95,12.28,0.22,1.8242,116324549,1,0,0,1,0,0,4,0,6,10,6
2017-02-03,12.37,12.5,12.04,12.24,-0.04,-0.3257,60036740,0,1,1,0,0,0,1,0,6,7,6
2017-02-06,12.46,13.7,12.38,13.63,1.39,11.3562,140474084,1,0,0,0,0,1,0,0,6,6,8
2017-02-07,14.05,14.27,13.06,13.29,-0.34,-2.4945,158683771,0,1,0,0,1,0,4,2,6,12,4
2017-02-08,13.21,13.75,13.08,13.56,0.27,2.0316,75942906,1,0,0,0,1,0,0,1,6,7,7
2017-02-09,13.78,13.89,13.4,13.42,-0.14,-1.0324,73339932,0,1,0,1,0,0,0,0,6,6,8
2017-02-10,13.86,13.86,13.25,13.58,0.16,1.1923,54579343,1,0,0,1,0,0,0,0,6,6,8
2017-02-13,13.7,13.95,13.38,13.49,-0.09,-0.6627,57413113,0,1,1,0,0,0,0,0,6,6,8
2017-02-14,13.43,13.49,13.19,13.26,-0.23,-1.705,40479052,0,1,0,1,0,0,4,1,6,11,4
2017-02-15,13.2,13.44,13.15,13.3,0.04,0.3017,33722253,1,0,1,0,0,0,5,0,6,11,5
2017-02-16,13.25,13.35,12.84,12.97,-0.33,-2.4812,52502531,0,1,0,0,1,0,5,1,3,9,1
2017-02-17,12.79,13.14,12.6,13.13,0.16,1.2336,40887978,1,0,0,1,0,0,5,1,8,14,9
2017-02-21,13.41,14.1,13.4,14.0,0.87,6.626,66357063,1,0,0,0,0,1,2,1,6,9,7
2017-02-22,14.3,14.5,14.04,14.28,0.28,2.0,71505039,1,0,0,0,1,0,0,3,6,9,9
2017-02-23,14.2,14.45,13.82,14.32,0.04,0.2801,80317617,1,0,1,0,0,0,0,1,6,7,7
2017-02-24,14.0,14.32,13.86,14.12,-0.2,-1.3966,46288614,0,1,0,1,0,0,2,1,6,9,7
2017-02-27,14.27,15.35,14.27,15.2,1.08,7.6487,95422869,1,0,0,0,0,1,0,3,6,9,9
2017-02-28,15.45,15.55,14.35,14.46,-0.74,-4.8684,141782979,0,1,0,0,0,1,5,1,6,12,4
2017-03-01,15.08,15.09,14.52,14.96,0.5,3.4578,73450388,1,0,0,0,1,0,5,1,6,12,4
2017-03-02,14.59,14.78,13.87,13.9,-1.06,-7.0856,104330930,0,1,0,0,0,1,5,0,3,8,2
2017-03-03,13.55,13.58,12.79,13.03,-0.87,-6.259,163641702,0,1,0,0,0,1,3,3,3,9,7
2017-03-06,13.0,13.34,12.38,13.04,0.01,0.0767,117192621,1,0,1,0,0,0,5,0,1,6,1
2017-03-07,13.07,13.37,12.79,13.05,0.01,0.0767,76666266,1,0,1,0,0,0,4,1,2,7,2
2017-03-08,13.25,13.55,13.1,13.22,0.17,1.3027,71294747,1,0,0,1,0,0,4,1,4,9,5
2017-03-09,13.45,13.45,13.11,13.33,0.11,0.8321,45244233,1,0,1,0,0,0,4,1,3,8,2
2017-03-10,13.5,13.93,13.45,13.91,0.58,4.3511,65142157,1,0,0,0,0,1,4,0,8,12,10
2017-03-13,14.48,14.68,14.18,14.28,0.37,2.66,73078146,1,0,0,0,1,0,4,0,5,9,6
2017-03-14,14.0,14.15,13.64,14.1,-0.18,-1.2605,52554505,0,1,0,1,0,0,4,0,5,9,6
2017-03-15,14.03,14.06,13.62,13.98,-0.12,-0.8511,55179561,0,1,1,0,0,0,4,0,5,9,6
2017-03-16,13.79,13.88,13.65,13.65,-0.33,-2.3605,44494793,0,1,0,0,1,0,4,0,1,5,1
2017-03-17,13.62,13.74,13.36,13.49,-0.16,-1.1722,224892327,0,1,0,1,0,0,4,0,5,9,6
2017-03-20,13.68,14.5,13.54,14.4,0.91,6.7457,91565591,1,0,0,0,0,1,4,0,8,12,10
2017-03-21,14.4,14.49,13.78,13.82,-0.58,-4.0278,72552725,0,1,0,0,0,1,4,1,1,6,1
2017-03-22,13.7,14.15,13.55,14.1,0.28,2.026,61239502,1,0,0,0,1,0,4,0,8,12,10
2017-03-23,13.96,14.12,13.77,13.79,-0.31,-2.1986,44549945,0,1,0,0,1,0,4,1,3,8,2
2017-03-24,14.16,14.18,13.54,13.7,-0.09,-0.6526,50099472,0,1,1,0,0,0,4,2,1,7,1
2017-03-27,13.35,13.78,13.21,13.7,0.0,0.0,42686840,0,0,1,0,0,0,4,1,2,7,2
2017-03-28,13.75,13.86,13.55,13.69,-0.01,-0.073,37420153,0,1,1,0,0,0,4,1,4,9,5
2017-03-29,13.74,13.87,13.63,13.71,0.02,0.1461,37863470,1,0,1,0,0,0,6,1,3,10,1
2017-03-30,13.73,14.05,13.65,14.05,0.34,2.4799,44132830,1,0,0,0,1,0,4,0,8,12,10
2017-03-31,14.1,14.75,14.01,14.55,0.5,3.5587,84566239,1,0,0,0,0,1,4,3,6,13,8
2017-04-03,14.6,14.74,14.3,14.64,0.09,0.6186,48423677,1,0,1,0,0,0,2,3,6,11,9
2017-04-04,14.31,14.67,14.03,14.16,-0.48,-3.2787,58413020,0,1,0,0,1,0,4,0,4,8,6
2017-04-05,14.28,14.64,14.1,14.17,0.01,0.0706,58816711,1,0,1,0,0,0,4,3,5,12,7
2017-04-06,13.42,13.46,12.83,13.27,-0.9,-6.3514,139500105,0,1,0,0,0,1,4,1,0,5,0
2017-04-07,13.33,13.68,13.22,13.52,0.25,1.8839,70440981,1,0,0,1,0,0,4,0,4,8,6
2017-04-10,13.52,13.59,13.04,13.1,-0.42,-3.1065,47178017,0,1,0,0,1,0,4,0,1,5,1
2017-04-11,13.02,13.29,12.71,13.1,0.0,0.0,59916607,0,0,1,0,0,0,2,2,2,6,4
2017-04-12,12.94,13.1,12.74,12.76,-0.34,-2.5954,37385363,0,1,0,0,1,0,1,0,2,3,4
2017-04-13,12.51,12.72,12.22,12.31,-0.45,-3.5266,53442631,0,1,0,0,0,1,1,0,2,3,4
2017-04-17,12.53,12.8,12.37,12.79,0.48,3.8993,38188238,1,0,0,0,0,1,4,1,3,8,2
2017-04-18,12.63,12.97,12.58,12.95,0.16,1.251,37172004,1,0,0,1,0,0,4,0,2,6,3
2017-04-19,13.09,13.21,12.8,12.84,-0.11,-0.8494,36491056,0,1,1,0,0,0,4,2,2,8,2
2017-04-20,12.98,13.15,12.88,13.11,0.27,2.1028,41976064,1,0,0,0,1,0,4,0,2,6,3
2017-04-21,13.08,13.12,12.9,13.0,-0.11,-0.8391,25689590,0,1,1,0,0,0,4,1,2,7,2
2017-04-24,13.23,13.23,13.05,13.13,0.13,1.0,36120264,1,0,0,1,0,0,4,1,4,9,5
2017-04-25,13.24,13.53,13.16,13.49,0.36,2.7418,35880950,1,0,0,0,1,0,4,1,8,13,9
2017-04-26,13.42,13.53,13.22,13.41,-0.08,-0.593,36644522,0,1,1,0,0,0,2,3,3,8,7
2017-04-27,13.43,13.7,13.37,13.62,0.21,1.5659999999999998,31327634,1,0,0,1,0,0,2,1,8,11,10
2017-04-28,13.73,13.76,13.16,13.3,-0.32,-2.3495,50375992,0,1,0,0,1,0,4,1,0,5,0
2017-05-01,13.43,13.63,13.25,13.62,0.32,2.406,68036349,1,0,0,0,1,0,1,1,8,10,10
2017-05-02,11.73,11.76,10.3,10.32,-3.3,-24.2291,268336455,0,1,0,0,0,1,1,2,0,3,0
2017-05-03,10.29,10.68,9.85,10.39,0.07,0.6783,140899380,1,0,1,0,0,0,1,0,2,3,4
2017-05-04,10.55,10.55,9.94,10.1,-0.29,-2.7911,77031372,0,1,0,0,1,0,0,0,1,1,3
2017-05-05,10.13,10.26,9.94,10.19,0.09,0.8911,51758963,1,0,0,1,0,0,0,1,1,2,3
2017-05-08,10.22,10.22,10.0,10.04,-0.15,-1.472,35101132,0,1,0,1,0,0,0,1,1,2,3
2017-05-09,10.04,10.4,10.04,10.18,0.14,1.3944,51017346,1,0,0,1,0,0,0,1,1,2,3
2017-05-10,10.46,10.85,10.45,10.79,0.61,5.9921,65995889,1,0,0,0,0,1,4,1,2,7,2
2017-05-11,10.74,11.26,10.51,11.07,0.28,2.595,72946523,1,0,0,0,1,0,4,0,2,6,3
2017-05-12,11.2,11.4,11.08,11.26,0.19,1.7164,56072619,1,0,0,1,0,0,4,0,4,8,6
2017-05-15,11.41,11.6,11.3,11.42,0.16,1.421,52564965,1,0,0,1,0,0,4,0,4,8,6
2017-05-16,11.66,12.77,11.63,12.75,1.33,11.6462,164186884,1,0,0,0,0,1,4,2,8,14,9
2017-05-17,11.81,12.29,11.16,11.2,-1.55,-12.1569,160109462,0,1,0,0,0,1,4,0,0,4,0
2017-05-18,10.99,11.49,10.81,11.28,0.075,0.6696,86900076,1,0,1,0,0,0,4,0,2,6,3
2017-05-19,11.47,11.62,11.35,11.41,0.135,1.1973,50319692,1,0,0,1,0,0,4,0,4,8,6
2017-05-22,11.49,11.55,10.77,11.04,-0.37,-3.2428,78696444,0,1,0,0,1,0,4,1,0,5,0
2017-05-23,10.97,11.06,10.62,10.89,-0.15,-1.3587,49799586,0,1,0,1,0,0,4,1,2,7,2
2017-05-24,11.05,11.06,10.71,10.89,0.0,0.0,43028139,0,0,1,0,0,0,4,1,1,6,1
2017-05-25,11.01,11.01,10.8,10.98,0.09,0.8264,33584259,1,0,1,0,0,0,4,1,2,7,2
2017-05-26,10.85,11.02,10.74,11.0,0.02,0.1821,31907640,1,0,1,0,0,0,4,0,2,6,3
2017-05-30,10.95,11.27,10.9,11.12,0.12,1.0909,35338977,1,0,0,1,0,0,4,1,0,5,0
2017-05-31,11.29,11.49,11.1,11.19,0.07,0.6295,42929027,1,0,1,0,0,0,4,1,7,12,8
2017-06-01,11.25,11.29,10.81,10.93,-0.26,-2.3235,48001971,0,1,0,0,1,0,2,0,0,2,0
2017-06-02,10.93,10.96,10.57,10.9,-0.03,-0.2745,43056165,0,1,1,0,0,0,1,1,1,3,1
2017-06-05,10.84,11.34,10.8,11.24,0.34,3.1193,66207307,1,0,0,0,1,0,4,1,5,10,4
2017-06-06,11.27,12.24,11.24,12.03,0.79,7.0285,114998567,1,0,0,0,0,1,2,3,8,13,10
2017-06-07,12.42,12.96,12.23,12.38,0.35,2.9094,151005890,1,0,0,0,1,0,4,0,8,12,10
2017-06-08,12.81,12.91,12.4,12.9,0.52,4.2003,89515129,1,0,0,0,0,1,4,0,5,9,6
2017-06-09,13.1,13.4,11.63,12.28,-0.62,-4.8062,167454433,0,1,0,0,0,1,4,1,5,10,4
2017-06-12,11.75,12.35,11.27,12.09,-0.19,-1.5472,125781768,0,1,0,1,0,0,4,1,5,10,4
2017-06-13,12.33,12.48,11.67,11.96,-0.13,-1.0753,87302253,0,1,0,1,0,0,4,1,2,7,2
2017-06-14,11.91,12.05,11.65,11.77,-0.19,-1.5886,51909425,0,1,0,1,0,0,4,0,0,4,0
2017-06-15,11.34,11.58,11.21,11.5,-0.27,-2.294,61665981,0,1,0,0,1,0,4,1,2,7,2
2017-06-16,11.66,11.83,11.28,11.44,-0.06,-0.5217,59779528,0,1,1,0,0,0,4,1,3,8,2
2017-06-19,11.63,12.12,11.62,11.93,0.49,4.2832,61803552,1,0,0,0,0,1,4,1,8,13,9
2017-06-20,12.19,12.93,12.18,12.64,0.71,5.9514,118001536,1,0,0,0,0,1,4,3,8,15,10
2017-06-21,13.36,14.01,13.13,13.98,1.34,10.6013,188796125,1,0,0,0,0,1,2,0,7,9,10
2017-06-22,14.1,14.5,13.56,14.38,0.4,2.8612,149594245,1,0,0,0,1,0,0,0,6,6,8
2017-06-23,14.15,14.67,13.9,14.17,-0.21,-1.4604,200777337,0,1,0,1,0,0,1,1,6,8,6
2017-06-26,14.39,14.49,13.84,14.08,-0.09,-0.6351,101012533,0,1,1,0,0,0,1,1,6,8,6
2017-06-27,13.76,14.04,13.37,13.4,-0.68,-4.8295,89319697,0,1,0,0,0,1,4,1,6,11,4
2017-06-28,13.65,13.7,13.09,13.23,-0.17,-1.2687,85266909,0,1,0,1,0,0,4,1,5,10,4
2017-06-29,13.06,13.15,12.45,12.6,-0.63,-4.7619,87634359,0,1,0,0,0,1,4,1,0,5,0
2017-06-30,12.57,12.83,12.36,12.48,-0.12,-0.9524,59267384,0,1,0,1,0,0,4,3,2,9,6
2017-07-03,12.57,12.73,12.13,12.15,-0.33,-2.6442,39929101,0,1,0,0,1,0,4,0,0,4,0
2017-07-05,12.36,13.21,12.32,13.19,1.04,8.5597,99450235,1,0,0,0,0,1,4,0,8,12,10
2017-07-06,12.94,13.32,12.67,13.02,-0.17,-1.2889,88927822,0,1,0,1,0,0,4,1,4,9,5
2017-07-07,13.27,13.75,13.18,13.36,0.34,2.6114,88392137,1,0,0,0,1,0,4,0,5,9,6
2017-07-10,13.61,13.88,13.27,13.81,0.45,3.3683,78320196,1,0,0,0,1,0,4,3,7,14,10
2017-07-11,13.77,14.1,13.62,13.89,0.08,0.5793,71102292,1,0,1,0,0,0,4,1,4,9,5
2017-07-12,14.17,14.39,13.96,14.29,0.4,2.8798,78508397,1,0,0,0,1,0,2,1,8,11,10
2017-07-13,14.33,14.49,13.43,13.53,-0.76,-5.3184,111656888,0,1,0,0,0,1,4,1,5,10,4
2017-07-14,13.46,13.93,13.32,13.92,0.39,2.8825,82084552,1,0,0,0,1,0,4,1,5,10,4
2017-07-17,14.03,14.12,13.51,13.8,-0.12,-0.8621,71690790,0,1,0,1,0,0,4,1,5,10,4
2017-07-18,13.29,13.53,13.15,13.48,-0.32,-2.3188,78366510,0,1,0,0,1,0,4,3,3,10,5
2017-07-19,13.62,13.74,13.41,13.55,0.07,0.5193,51957812,1,0,1,0,0,0,4,1,4,9,5
2017-07-20,13.61,13.89,13.45,13.8,0.25,1.845,47707464,1,0,0,1,0,0,4,0,7,11,9
2017-07-21,13.7,14.05,13.62,13.88,0.08,0.5797,51045674,1,0,1,0,0,0,4,0,5,9,6
2017-07-24,14.0,14.44,13.97,14.16,0.28,2.0173,71014864,1,0,0,0,1,0,2,3,5,10,9
2017-07-25,14.29,14.32,13.87,14.11,-0.05,-0.3531,98047389,0,1,1,0,0,0,4,2,7,13,8
2017-07-26,15.13,15.65,14.4,14.76,0.65,4.6067,236082958,1,0,0,0,0,1,4,3,7,14,10
2017-07-27,14.99,15.04,13.7,14.12,-0.64,-4.336,130303657,0,1,0,0,0,1,4,0,6,10,6
2017-07-28,13.85,14.1,13.68,13.95,-0.17,-1.204,66763754,0,1,0,1,0,0,4,2,2,8,2
2017-07-31,14.09,14.22,13.47,13.61,-0.34,-2.4373,69108676,0,1,0,0,1,0,2,0,0,2,0
2017-08-01,13.72,13.86,13.45,13.71,0.1,0.7348,49149861,1,0,1,0,0,0,4,1,7,12,8
2017-08-02,13.81,13.93,13.12,13.37,-0.34,-2.4799,67502194,0,1,0,0,1,0,1,0,0,1,0
2017-08-03,13.42,13.52,13.08,13.24,-0.13,-0.9723,52557354,0,1,0,1,0,0,1,0,3,4,3
2017-08-04,13.2,13.36,13.02,13.12,-0.12,-0.9063,64254045,0,1,0,1,0,0,4,0,0,4,0
2017-08-07,13.33,13.57,13.27,13.43,0.31,2.3628,57486768,1,0,0,0,1,0,1,1,4,6,6
2017-08-08,13.48,13.55,13.08,13.11,-0.32,-2.3827,47338001,0,1,0,0,1,0,1,1,0,2,0
2017-08-09,12.76,12.89,12.54,12.83,-0.28,-2.1358,58861491,0,1,0,0,1,0,1,2,2,5,3
2017-08-10,12.7,12.92,12.11,12.12,-0.71,-5.5339,83113365,0,1,0,0,0,1,1,0,0,1,0
2017-08-11,12.04,12.39,11.88,12.23,0.11,0.9076,63558840,1,0,0,1,0,0,1,0,3,4,3
2017-08-14,12.58,12.85,12.58,12.76,0.53,4.3336,64426061,1,0,0,0,0,1,4,1,3,8,2
2017-08-15,13.01,13.14,12.75,13.02,0.26,2.0376,57990255,1,0,0,0,1,0,4,1,4,9,5
2017-08-16,13.17,13.19,12.52,12.63,-0.39,-2.9954,64639428,0,1,0,0,1,0,4,1,0,5,0
2017-08-17,12.46,12.65,12.32,12.34,-0.29,-2.2961,47370978,0,1,0,0,1,0,2,1,1,4,2
2017-08-18,12.43,12.56,12.25,12.37,0.03,0.2431,37521694,1,0,1,0,0,0,4,2,2,8,2
2017-08-21,12.42,12.42,11.86,12.05,-0.32,-2.5869,58888505,0,1,0,0,1,0,1,1,2,4,3
2017-08-22,12.2,12.33,12.1,12.17,0.12,0.9959,39033223,1,0,0,1,0,0,1,1,0,2,0
2017-08-23,12.0,12.54,11.95,12.48,0.31,2.5472,44345380,1,0,0,0,1,0,4,1,4,9,5
2017-08-24,12.69,12.71,12.39,12.5,0.02,0.1603,37269674,1,0,1,0,0,0,4,1,3,8,2
2017-08-25,12.51,12.57,12.25,12.43,-0.07,-0.56,29732049,0,1,1,0,0,0,4,1,2,7,2
2017-08-28,12.53,12.55,12.16,12.23,-0.2,-1.609,35969587,0,1,0,1,0,0,4,1,1,6,1
2017-08-29,12.0,12.18,11.93,12.15,-0.08,-0.6541,33618112,0,1,1,0,0,0,4,1,0,5,0
2017-08-30,12.19,12.68,12.16,12.67,0.52,4.2798,43932966,1,0,0,0,0,1,4,3,8,15,10
2017-08-31,12.82,13.16,12.79,13.0,0.33,2.6046,51822102,1,0,0,0,1,0,2,1,8,11,10
2017-09-01,13.12,13.49,13.04,13.19,0.19,1.4615,53158562,1,0,0,1,0,0,2,3,7,12,10
2017-09-05,12.88,13.18,12.65,12.92,-0.27,-2.047,51578710,0,1,0,0,1,0,4,1,4,9,5
2017-09-06,13.02,13.08,12.75,12.86,-0.06,-0.4644,34182430,0,1,1,0,0,0,4,1,2,7,2
2017-09-07,12.84,12.94,12.6,12.63,-0.23,-1.7885,35816911,0,1,0,1,0,0,4,1,0,5,0
2017-09-08,12.57,12.61,12.04,12.25,-0.38,-3.0087,60886232,0,1,0,0,1,0,4,1,1,6,1
2017-09-11,12.46,12.74,12.4,12.55,0.3,2.449,43346052,1,0,0,0,1,0,4,1,4,9,5
2017-09-12,12.66,12.68,12.21,12.3,-0.25,-1.992,54413148,0,1,0,0,1,0,4,2,0,6,0
2017-09-13,12.22,12.36,12.12,12.22,-0.08,-0.6504,37210654,0,1,1,0,0,0,2,3,3,8,7
2017-09-14,12.15,12.46,12.11,12.26,0.04,0.3273,37220155,1,0,1,0,0,0,4,1,0,5,0
2017-09-15,12.33,12.66,12.31,12.52,0.26,2.1207,50337411,1,0,0,0,1,0,4,1,7,12,8
2017-09-18,12.77,13.3,12.74,13.08,0.56,4.4728,83517385,1,0,0,0,0,1,4,3,8,15,10
2017-09-19,13.25,13.29,12.88,13.12,0.04,0.3058,65455230,1,0,1,0,0,0,4,0,8,12,10
2017-09-20,13.07,13.8,12.8,13.74,0.62,4.7256,102682437,1,0,0,0,0,1,4,0,7,11,9
2017-09-21,14.0,14.24,13.32,13.41,-0.33,-2.4017,166821947,0,1,0,0,1,0,4,1,5,10,4
2017-09-22,13.2,13.4,13.12,13.3,-0.11,-0.8203,50546957,0,1,1,0,0,0,4,1,7,12,8
2017-09-25,13.25,13.28,12.49,12.61,-0.69,-5.188,84172237,0,1,0,0,0,1,4,1,0,5,0
2017-09-26,12.85,12.93,12.43,12.45,-0.16,-1.2688,68302025,0,1,0,1,0,0,2,1,2,5,4
2017-09-27,12.65,12.87,12.5,12.74,0.29,2.3293,59947247,1,0,0,0,1,0,4,1,3,8,2
2017-09-28,12.76,12.84,12.55,12.74,0.0,0.0,35812311,0,0,1,0,0,0,4,3,1,8,3
2017-09-29,12.77,12.82,12.6,12.75,0.01,0.0785,33926900,1,0,1,0,0,0,4,1,4,9,5
2017-10-02,12.8,12.85,12.62,12.71,-0.04,-0.3137,34461080,0,1,1,0,0,0,4,2,1,7,1
2017-10-03,12.73,13.48,12.7,13.42,0.71,5.5862,85174031,1,0,0,0,0,1,4,3,8,15,10
2017-10-04,13.31,13.5,13.15,13.31,-0.11,-0.8197,42303159,0,1,1,0,0,0,4,3,4,11,8
2017-10-05,13.38,13.46,13.21,13.34,0.03,0.2254,34758604,1,0,1,0,0,0,4,1,5,10,4
2017-10-06,13.22,13.39,13.18,13.23,-0.11,-0.8246,28258656,0,1,1,0,0,0,4,1,4,9,5
2017-10-09,13.26,13.83,13.26,13.47,0.24,1.8141,54032528,1,0,0,1,0,0,4,3,8,15,10
2017-10-10,13.72,13.79,13.44,13.7,0.23,1.7075,43303955,1,0,0,1,0,0,4,0,7,11,9
2017-10-11,13.62,13.96,13.61,13.88,0.18,1.3139,38746553,1,0,0,1,0,0,2,0,5,7,7
2017-10-12,13.85,14.37,13.81,14.2,0.32,2.3055,69874095,1,0,0,0,1,0,1,0,7,8,9
2017-10-13,14.32,14.41,14.12,14.22,0.02,0.1408,37515843,1,0,1,0,0,0,1,0,6,7,6
2017-10-16,14.25,14.35,14.12,14.26,0.04,0.2813,34136783,1,0,1,0,0,0,0,0,6,6,8
2017-10-17,14.24,14.35,14.14,14.16,-0.1,-0.7013,28995567,0,1,1,0,0,0,1,0,6,7,6
2017-10-18,14.2,14.28,13.76,14.07,-0.09,-0.6356,39020286,0,1,1,0,0,0,1,1,6,8,6
2017-10-19,13.85,14.04,13.69,13.95,-0.12,-0.8529,33795708,0,1,1,0,0,0,4,0,6,10,6
2017-10-20,14.03,14.09,13.8,13.81,-0.14,-1.0036,32538937,0,1,0,1,0,0,4,0,3,7,3
2017-10-23,13.94,14.19,13.9,14.1,0.29,2.0999,49838009,1,0,0,0,1,0,4,1,8,13,9
2017-10-24,14.2,14.36,14.15,14.25,0.15,1.0638,84891583,1,0,0,1,0,0,2,1,6,9,7
2017-10-25,12.95,13.13,12.29,12.33,-1.92,-13.4737,166762120,0,1,0,0,0,1,2,2,0,4,0
2017-10-26,12.45,12.46,12.0,12.01,-0.325,-2.6358,87625437,0,1,0,0,1,0,2,0,0,2,0
2017-10-27,12.17,12.19,11.35,11.84,-0.165,-1.3744,115650373,0,1,0,1,0,0,4,0,1,5,1
2017-10-30,11.26,11.42,10.65,10.89,-0.95,-8.0236,137785101,0,1,0,0,0,1,0,0,1,1,3
2017-10-31,10.76,11.31,10.69,10.99,0.095,0.8724,78600023,1,0,0,1,0,0,0,0,1,1,3
2017-11-01,11.25,11.29,10.72,10.8,-0.185,-1.6841,66875483,0,1,0,1,0,0,0,1,1,2,3
2017-11-02,10.87,10.99,10.66,10.85,0.05,0.463,47942464,1,0,1,0,0,0,0,1,1,2,3
2017-11-03,10.95,11.13,10.82,11.12,0.27,2.4885,44264291,1,0,0,0,1,0,1,1,1,3,1
2017-11-06,12.04,12.09,11.64,11.93,0.81,7.2842,96349758,1,0,0,0,0,1,4,1,4,9,5
2017-11-07,11.94,12.27,11.92,12.05,0.12,1.0059,67900203,1,0,0,1,0,0,4,2,3,9,2
2017-11-08,11.94,11.95,11.51,11.71,-0.34,-2.8216,59065041,0,1,0,0,1,0,4,1,0,5,0
2017-11-09,11.25,11.35,11.03,11.12,-0.59,-5.0384,76821154,0,1,0,0,0,1,2,1,1,4,2
2017-11-10,11.22,11.43,11.12,11.26,0.14,1.259,50209909,1,0,0,1,0,0,1,1,1,3,1
2017-11-13,11.18,11.2,10.92,11.09,-0.17,-1.5098,54068315,0,1,0,1,0,0,1,1,3,5,2
2017-11-14,11.03,11.26,11.0,11.12,0.03,0.2705,37245039,1,0,1,0,0,0,4,1,2,7,2
2017-11-15,11.01,11.13,10.77,11.07,-0.05,-0.4496,33524701,0,1,1,0,0,0,4,1,1,6,1
2017-11-16,11.13,11.32,11.13,11.25,0.18,1.626,31800408,1,0,0,1,0,0,4,1,2,7,2
2017-11-17,11.3,11.75,11.28,11.38,0.13,1.1556,56775579,1,0,0,1,0,0,4,3,2,9,6
2017-11-20,11.47,11.51,11.19,11.34,-0.04,-0.3515,35960204,0,1,1,0,0,0,4,1,0,5,0
2017-11-21,11.42,11.49,11.24,11.4,0.06,0.5291,31881681,1,0,1,0,0,0,4,1,4,9,5
2017-11-22,11.41,11.49,11.3,11.37,-0.03,-0.2632,23816482,0,1,1,0,0,0,4,1,0,5,0
2017-11-24,11.38,11.42,11.3,11.38,0.01,0.08800000000000001,11035758,1,0,1,0,0,0,4,0,5,9,6
2017-11-27,11.34,11.74,11.34,11.55,0.17,1.4938,41798250,1,0,0,1,0,0,4,1,3,8,2
2017-11-28,11.45,11.54,11.0,11.17,-0.38,-3.29,65325749,0,1,0,0,1,0,4,0,0,4,0
2017-11-29,11.08,11.17,10.73,10.83,-0.34,-3.0439,63333806,0,1,0,0,1,0,2,1,0,3,0
2017-11-30,10.87,11.03,10.76,10.89,0.06,0.5539999999999999,43205030,1,0,1,0,0,0,1,2,1,4,1
2017-12-01,10.81,10.97,10.53,10.73,-0.16,-1.4692,42128778,0,1,0,1,0,0,1,2,1,4,1
2017-12-04,10.85,10.86,9.82,10.03,-0.7,-6.5238,97328281,0,1,0,0,0,1,0,2,1,3,3
2017-12-05,9.89,10.34,9.7,9.91,-0.12,-1.1964,67304144,0,1,0,1,0,0,0,0,1,1,3
2017-12-06,9.9,10.05,9.71,10.0,0.09,0.9082,38952174,1,0,0,1,0,0,0,0,1,1,3
2017-12-07,10.07,10.19,9.95,10.04,0.04,0.4,32665616,1,0,1,0,0,0,0,1,1,2,3
2017-12-08,10.15,10.2,9.92,9.94,-0.1,-0.996,34896958,0,1,0,1,0,0,0,1,1,2,3
2017-12-11,9.97,10.16,9.96,10.16,0.22,2.2133,29956421,1,0,0,0,1,0,4,1,1,6,1
2017-12-12,10.13,10.14,9.88,9.9,-0.26,-2.5591,36211043,0,1,0,0,1,0,1,1,1,3,1
2017-12-13,9.97,10.21,9.95,10.11,0.21,2.1212,41494800,1,0,0,0,1,0,4,1,1,6,1
2017-12-14,10.1,10.17,9.96,10.13,0.02,0.1978,29006846,1,0,1,0,0,0,4,3,1,8,3
2017-12-15,10.13,10.32,10.02,10.29,0.16,1.5795,45462280,1,0,0,1,0,0,4,1,4,9,5
2017-12-18,10.6,11.0,10.51,10.98,0.69,6.7055,63797732,1,0,0,0,0,1,2,0,8,10,10
2017-12-19,11.0,11.19,10.87,10.95,-0.03,-0.2732,43852949,0,1,1,0,0,0,2,1,2,5,4
2017-12-20,11.1,11.18,10.8,10.98,0.03,0.274,31420328,1,0,1,0,0,0,1,1,5,7,5
2017-12-21,10.98,11.08,10.87,10.89,-0.09,-0.8197,21884331,0,1,1,0,0,0,4,1,2,7,2
2017-12-22,10.75,10.77,10.2,10.54,-0.35,-3.214,50744495,0,1,0,0,1,0,4,1,0,5,0
2017-12-26,10.38,10.58,10.34,10.46,-0.08,-0.759,20437891,0,1,1,0,0,0,4,1,2,7,2
2017-12-27,10.45,10.74,10.4,10.53,0.07,0.6692,22921775,1,0,1,0,0,0,4,1,2,7,2
2017-12-28,10.57,10.64,10.43,10.55,0.02,0.1899,18609365,1,0,1,0,0,0,4,0,2,6,3
2017-12-29,10.57,10.58,10.27,10.28,-0.27,-2.5592,26678928,0,1,0,0,1,0,4,0,2,6,3
2018-01-02,10.42,11.02,10.34,10.98,0.7,6.8093,44146332,1,0,0,0,0,1,2,0,8,10,10
2018-01-03,11.61,12.14,11.36,11.55,0.57,5.1913,154066661,1,0,0,0,0,1,6,2,7,15,7
2018-01-04,12.1,12.43,11.97,12.12,0.57,4.9351,109502970,1,0,0,0,0,1,1,0,8,9,10
2018-01-05,12.19,12.22,11.66,11.88,-0.24,-1.9802,63808946,0,1,0,0,1,0,4,1,3,8,2
2018-01-08,12.01,12.3,11.85,12.28,0.4,3.367,63346034,1,0,0,0,1,0,1,0,7,8,9
2018-01-09,12.0,12.02,11.71,11.82,-0.46,-3.7459,62560940,0,1,0,0,0,1,4,0,7,11,9
2018-01-10,11.63,12.15,11.56,11.96,0.14,1.1844,52561170,1,0,0,1,0,0,4,2,3,9,2
2018-01-11,12.07,12.19,11.9,12.14,0.18,1.505,38354916,1,0,0,1,0,0,2,1,8,11,10
2018-01-12,11.82,12.07,11.8,12.02,-0.12,-0.9885,47149344,0,1,0,1,0,0,1,1,7,9,9
2018-01-16,12.05,12.2,11.8,11.91,-0.11,-0.9151,42686623,0,1,0,1,0,0,4,0,3,7,3
2018-01-17,11.9,12.19,11.82,12.18,0.27,2.267,39020825,1,0,0,0,1,0,1,0,7,8,9
2018-01-18,12.18,12.68,12.15,12.47,0.29,2.381,62086151,1,0,0,0,1,0,1,3,7,11,10
2018-01-19,12.56,12.88,12.54,12.59,0.12,0.9623,46800669,1,0,0,1,0,0,1,0,5,6,6
2018-01-22,12.61,12.74,12.37,12.65,0.06,0.4766,34758615,1,0,1,0,0,0,1,0,5,6,6
2018-01-23,12.82,13.0,12.76,12.94,0.29,2.2925,46417226,1,0,0,0,1,0,1,3,7,11,10
2018-01-24,13.02,13.05,12.6,12.71,-0.23,-1.7774,41956439,0,1,0,1,0,0,4,0,4,8,6
2018-01-25,12.78,12.94,12.32,12.41,-0.3,-2.3603,42966567,0,1,0,0,1,0,4,0,5,9,6
2018-01-26,12.7,12.95,12.62,12.95,0.54,4.3513,44238971,1,0,0,0,0,1,2,3,5,10,9
2018-01-29,13.13,13.47,13.05,13.32,0.37,2.8571,66645418,1,0,0,0,1,0,1,0,7,8,9
2018-01-30,13.12,13.27,12.69,12.87,-0.45,-3.3784,91236383,0,1,0,0,1,0,4,0,5,9,6
2018-01-31,13.24,13.85,13.15,13.74,0.87,6.7599,140977843,1,0,0,0,0,1,1,2,7,10,9
2018-02-01,13.62,13.84,13.21,13.25,-0.49,-3.5662,67543333,0,1,0,0,0,1,4,1,5,10,4
2018-02-02,13.05,13.06,12.43,12.45,-0.8,-6.0377,79432558,0,1,0,0,0,1,4,3,0,7,1
2018-02-05,12.05,12.18,10.93,11.57,-0.88,-7.0683,116568862,0,1,0,0,0,1,4,1,0,5,0
2018-02-06,11.04,11.74,11.0,11.65,0.08,0.6914,87123202,1,0,1,0,0,0,4,1,1,6,1
2018-02-07,11.7,11.9,11.53,11.6,-0.05,-0.4292,55758364,0,1,1,0,0,0,4,1,2,7,2
2018-02-08,11.72,11.85,11.21,11.22,-0.38,-3.2759,56471761,0,1,0,0,1,0,4,2,1,7,1
2018-02-09,11.54,11.57,10.63,11.31,0.09,0.8021,85458235,1,0,1,0,0,0,4,0,2,6,3
2018-02-12,11.47,11.8,11.43,11.68,0.37,3.2714,63160875,1,0,0,0,1,0,4,0,2,6,3
2018-02-13,11.6,11.82,11.53,11.78,0.1,0.8562,33661383,1,0,1,0,0,0,4,0,2,6,3
2018-02-14,11.72,12.31,11.63,12.2,0.42,3.5654,51756817,1,0,0,0,0,1,4,0,8,12,10
2018-02-15,12.4,12.63,12.07,12.19,-0.01,-0.08199999999999999,59593761,0,1,1,0,0,0,4,0,4,8,6
2018-02-16,12.11,12.23,11.82,11.82,-0.37,-3.0353,47332348,0,1,0,0,1,0,4,0,0,4,0
2018-02-20,11.72,12.19,11.71,12.02,0.2,1.692,47096492,1,0,0,1,0,0,4,0,8,12,10
2018-02-21,12.12,12.12,11.72,11.72,-0.3,-2.4958,40195847,0,1,0,0,1,0,4,1,0,5,0
2018-02-22,11.82,12.0,11.63,11.84,0.12,1.0239,37886263,1,0,0,1,0,0,4,0,3,7,3
2018-02-23,11.95,12.16,11.94,12.07,0.23,1.9426,33317579,1,0,0,0,1,0,4,0,8,12,10
2018-02-26,12.14,12.43,12.05,12.42,0.35,2.8998,42265208,1,0,0,0,1,0,2,2,8,12,10
2018-02-27,12.43,12.88,12.39,12.53,0.11,0.8857,55975268,1,0,0,1,0,0,1,0,5,6,6
2018-02-28,12.66,12.73,12.1,12.11,-0.42,-3.352,43387460,0,1,0,0,1,0,4,0,0,4,0
2018-03-01,12.26,12.27,11.66,11.9,-0.21,-1.7341,63207377,0,1,0,1,0,0,6,2,0,8,0
2018-03-02,11.67,11.93,11.43,11.81,-0.09,-0.7563,58123518,0,1,1,0,0,0,6,3,1,10,2
2018-03-05,11.69,12.06,11.61,11.91,0.1,0.8467,43734836,1,0,1,0,0,0,4,0,3,7,3
2018-03-06,12.01,12.05,11.71,11.76,-0.15,-1.2594,46751179,0,1,0,1,0,0,4,0,2,6,3
2018-03-07,11.58,12.82,11.55,12.24,0.48,4.0816,127603194,1,0,0,0,0,1,4,1,8,13,9
2018-03-08,12.4,12.59,11.74,11.97,-0.27,-2.2059,76011217,0,1,0,0,1,0,4,1,0,5,0
2018-03-09,12.03,12.04,11.58,11.7,-0.27,-2.2556,89674365,0,1,0,0,1,0,2,2,0,4,0
2018-03-12,11.76,11.82,11.48,11.52,-0.18,-1.5385,83748671,0,1,0,1,0,0,2,1,2,5,4
2018-03-13,11.5,12.04,11.1,11.64,0.12,1.0417,174302560,1,0,0,1,0,0,4,1,1,6,1
2018-03-14,11.7,11.72,11.26,11.36,-0.28,-2.4055,80540846,0,1,0,0,1,0,1,1,1,3,1
2018-03-15,11.43,11.55,11.19,11.46,0.1,0.8803,66373911,1,0,0,1,0,0,4,1,1,6,1
2018-03-16,11.49,11.55,11.32,11.47,0.01,0.0873,37590983,1,0,1,0,0,0,4,1,1,6,1
2018-03-19,11.41,11.74,11.35,11.43,-0.04,-0.3487,53308617,0,1,1,0,0,0,2,2,1,5,1
2018-03-20,11.41,11.52,11.0,11.11,-0.32,-2.7997,65116930,0,1,0,0,1,0,1,1,1,3,1
2018-03-21,11.16,11.34,11.11,11.26,0.15,1.3501,44691711,1,0,0,1,0,0,1,1,1,3,1
2018-03-22,11.1,11.26,10.85,10.91,-0.35,-3.1083,59944232,0,1,0,0,1,0,1,1,1,3,1
2018-03-23,10.91,10.97,10.57,10.63,-0.28,-2.5665,54844461,0,1,0,0,1,0,1,0,1,2,1
2018-03-26,10.71,10.8,10.18,10.44,-0.19,-1.7874,75878505,0,1,0,1,0,0,1,0,1,2,1
2018-03-27,10.51,10.59,9.9,10.0,-0.44,-4.2146,68551265,0,1,0,0,0,1,0,0,1,1,3
2018-03-28,9.99,10.17,9.79,9.81,-0.19,-1.9,64832148,0,1,0,1,0,0,0,0,1,1,3
2018-03-29,9.94,10.08,9.81,10.05,0.24,2.4465,48681415,1,0,0,0,1,0,1,1,1,3,1
2018-04-02,9.99,10.14,9.51,9.53,-0.52,-5.1741,64824596,0,1,0,0,0,1,0,0,1,1,3
2018-04-03,9.63,9.77,9.3,9.55,0.02,0.2099,54891576,1,0,1,0,0,0,0,1,1,2,3
2018-04-04,9.08,9.81,9.04,9.77,0.22,2.3037,67356888,1,0,0,0,1,0,4,1,1,6,1
2018-04-05,10.05,10.2,9.91,10.02,0.25,2.5589,65758791,1,0,0,0,1,0,4,1,1,6,1
2018-04-06,9.83,10.1,9.5,9.61,-0.41,-4.0918,51087146,0,1,0,0,0,1,4,1,1,6,1
2018-04-09,9.75,9.84,9.52,9.53,-0.08,-0.8325,38382608,0,1,1,0,0,0,2,1,1,4,2
2018-04-10,9.75,10.04,9.71,9.98,0.45,4.7219,43036502,1,0,0,0,0,1,4,1,4,9,5
2018-04-11,9.87,10.03,9.79,9.82,-0.16,-1.6032,29169324,0,1,0,1,0,0,4,1,0,5,0
2018-04-12,9.98,10.1,9.82,10.08,0.26,2.6477,47784419,1,0,0,0,1,0,4,3,5,12,7
2018-04-13,10.2,10.22,9.88,9.93,-0.15,-1.4881,38935658,0,1,0,1,0,0,4,1,0,5,0
2018-04-16,10.0,10.17,9.9,10.09,0.16,1.6113,28875069,1,0,0,1,0,0,4,1,5,10,4
2018-04-17,10.28,10.53,10.2,10.52,0.43,4.2616,45360314,1,0,0,0,0,1,2,1,4,7,7
2018-04-18,10.51,10.65,10.33,10.36,-0.16,-1.5209,42449590,0,1,0,1,0,0,1,1,3,5,2
2018-04-19,10.18,10.33,9.99,10.11,-0.25,-2.4131,57841640,0,1,0,0,1,0,4,1,0,5,0
2018-04-20,10.05,10.14,9.95,9.99,-0.12,-1.1869,39011902,0,1,0,1,0,0,4,1,2,7,2
2018-04-23,10.09,10.19,9.97,10.04,0.05,0.5005,42971272,1,0,1,0,0,0,4,1,2,7,2
2018-04-24,10.19,10.35,9.95,10.09,0.05,0.498,44992223,1,0,1,0,0,0,4,1,2,7,2
2018-04-25,10.06,10.09,9.56,9.71,-0.38,-3.7661,90577981,0,1,0,0,0,1,2,1,0,3,0
2018-04-26,10.87,11.19,10.61,11.04,1.33,13.6972,145284090,1,0,0,0,0,1,2,2,8,12,10
2018-04-27,11.2,11.36,11.02,11.11,0.07,0.6341,74347782,1,0,1,0,0,0,2,0,7,9,10
2018-04-30,11.06,11.14,10.87,10.88,-0.23,-2.0702,50608764,0,1,0,0,1,0,6,1,4,11,4
2018-05-01,10.83,11.15,10.77,11.13,0.25,2.2978,43441602,1,0,0,0,1,0,1,1,4,6,6
2018-05-02,11.1,11.16,10.97,10.97,-0.16,-1.4376,29267302,0,1,0,1,0,0,4,1,4,9,5
2018-05-03,10.9,11.06,10.83,10.93,-0.04,-0.3646,33310596,0,1,1,0,0,0,4,1,4,9,5
2018-05-04,10.88,11.29,10.87,11.28,0.35,3.2022,47884940,1,0,0,0,1,0,1,3,7,11,10
2018-05-07,11.32,11.68,11.3,11.59,0.31,2.7482,54001692,1,0,0,0,1,0,1,0,7,8,9
2018-05-08,11.49,11.66,11.4,11.61,0.02,0.1726,35218414,1,0,1,0,0,0,1,0,5,6,6
2018-05-09,11.65,11.98,11.57,11.95,0.34,2.9285,49605743,1,0,0,0,1,0,0,2,7,9,10
2018-05-10,11.98,12.18,11.95,12.13,0.18,1.5063,49744484,1,0,0,1,0,0,1,0,5,6,6
2018-05-11,11.89,12.03,11.69,11.95,-0.18,-1.4839,43863746,0,1,0,1,0,0,0,1,5,6,7
2018-05-14,12.14,12.36,12.11,12.23,0.28,2.3431,50263792,1,0,0,0,1,0,0,1,7,8,10
2018-05-15,12.18,12.46,12.16,12.45,0.22,1.7989,44183179,1,0,0,1,0,0,0,1,7,8,10
2018-05-16,12.64,12.98,12.62,12.82,0.37,2.9719,73363996,1,0,0,0,1,0,0,1,5,6,7
2018-05-17,12.79,12.9,12.66,12.82,0.0,0.0,38692510,0,0,1,0,0,0,0,1,5,6,7
2018-05-18,13.06,13.26,12.91,13.0,0.18,1.4041,54063411,1,0,0,1,0,0,0,1,5,6,7
2018-05-21,13.25,13.31,12.88,12.99,-0.01,-0.0769,49714221,0,1,1,0,0,0,0,1,5,6,7
2018-05-22,13.0,13.14,12.71,12.98,-0.01,-0.077,43267033,0,1,1,0,0,0,0,1,5,6,7
2018-05-23,12.93,13.18,12.9,13.1,0.12,0.9245,44517762,1,0,0,1,0,0,0,1,5,6,7
2018-05-24,13.06,13.43,13.03,13.41,0.31,2.3664,47785726,1,0,0,0,1,0,0,1,5,6,7
2018-05-25,13.4,13.72,13.36,13.54,0.13,0.9694,43850067,1,0,0,1,0,0,0,1,5,6,7
2018-05-29,13.45,13.63,13.26,13.36,-0.18,-1.3294,39578498,0,1,0,1,0,0,0,1,7,8,10
2018-05-30,13.48,13.95,13.48,13.82,0.46,3.4431,58186435,1,0,0,0,1,0,0,1,6,7,7
2018-05-31,13.74,13.93,13.69,13.73,-0.09,-0.6512,46797677,0,1,1,0,0,0,0,1,5,6,7
2018-06-01,13.98,14.4,13.92,14.4,0.67,4.8798,71677869,1,0,0,0,0,1,0,1,7,8,10
2018-06-04,14.76,14.98,14.52,14.85,0.45,3.125,74545986,1,0,0,0,1,0,0,0,6,6,8
2018-06-05,14.85,14.92,14.63,14.85,0.0,0.0,56122654,0,0,1,0,0,0,0,1,6,7,7
2018-06-06,15.07,15.74,15.04,15.67,0.82,5.5219,97089040,1,0,0,0,0,1,0,0,6,6,8
2018-06-07,15.83,15.97,14.85,14.89,-0.78,-4.9777,99860297,0,1,0,0,0,1,4,1,6,11,4
2018-06-08,14.52,15.33,14.31,15.25,0.36,2.4177,81930486,1,0,0,0,1,0,4,1,6,11,4
2018-06-11,15.21,15.89,15.01,15.73,0.48,3.1475,80737640,1,0,0,0,1,0,2,1,6,9,7
2018-06-12,15.84,15.95,15.43,15.85,0.12,0.7629,67002592,1,0,1,0,0,0,0,1,6,7,7
2018-06-13,15.81,16.52,15.78,16.32,0.47,2.9653,90227322,1,0,0,0,1,0,0,1,6,7,7
2018-06-14,16.62,16.79,15.58,16.25,-0.07,-0.4289,113048551,0,1,1,0,0,0,0,1,6,7,7
2018-06-15,16.06,16.52,15.82,16.34,0.09,0.5538,77612174,1,0,1,0,0,0,0,1,6,7,7
2018-06-18,16.18,17.34,16.13,17.11,0.77,4.7124,104317396,1,0,0,0,0,1,0,1,6,7,7
2018-06-19,16.85,17.29,16.31,16.69,-0.42,-2.4547,92542859,0,1,0,0,1,0,0,1,6,7,7
2018-06-20,16.83,17.13,16.37,16.52,-0.17,-1.0186,76280646,0,1,0,1,0,0,4,1,6,11,4
2018-06-21,16.65,16.87,15.46,15.65,-0.87,-5.2663,95638369,0,1,0,0,0,1,5,3,3,11,4
2018-06-22,15.78,15.91,15.56,15.8,0.15,0.9585,59257099,1,0,0,1,0,0,5,1,4,10,4
2018-06-25,15.64,15.74,14.54,15.11,-0.69,-4.3671,94418420,0,1,0,0,0,1,5,1,1,7,1
2018-06-26,15.32,15.6,15.1,15.5,0.39,2.5811,54213466,1,0,0,0,1,0,5,1,5,11,4
2018-06-27,15.65,15.76,14.96,14.97,-0.53,-3.4194,56014335,0,1,0,0,1,0,5,1,2,8,2
2018-06-28,14.85,15.36,14.75,15.31,0.34,2.2712,48716794,1,0,0,0,1,0,5,1,3,9,1
2018-06-29,15.41,15.49,14.98,14.99,-0.32,-2.0901,41527791,0,1,0,0,1,0,3,1,3,7,3
2018-07-02,14.8,15.18,14.74,15.16,0.17,1.1341,43398768,1,0,0,1,0,0,5,1,3,9,1
2018-07-03,15.21,15.34,14.96,15.0,-0.16,-1.0554,32094031,0,1,0,1,0,0,2,1,3,6,3
2018-07-05,15.13,15.5,15.02,15.5,0.5,3.3333,40703271,1,0,0,0,1,0,4,1,8,13,9
2018-07-06,15.52,16.39,15.48,16.36,0.86,5.5484,65101672,1,0,0,0,0,1,4,1,8,13,9
2018-07-09,16.73,16.84,16.17,16.61,0.25,1.5281,58525542,1,0,0,1,0,0,4,1,6,11,4
2018-07-10,16.59,16.65,16.31,16.55,-0.06,-0.3612,37092975,0,1,1,0,0,0,4,1,6,11,4
2018-07-11,16.15,16.53,16.02,16.27,-0.28,-1.6918,42544103,0,1,0,1,0,0,4,1,6,11,4
2018-07-12,16.41,16.79,16.38,16.56,0.29,1.7824,44188137,1,0,0,1,0,0,2,1,6,9,7
2018-07-13,16.68,16.69,16.22,16.27,-0.29,-1.7512,40698475,0,1,0,1,0,0,4,2,4,10,5
2018-07-16,16.42,17.0,16.41,16.58,0.31,1.9053,65275291,1,0,0,1,0,0,1,0,7,8,9
2018-07-17,16.5,16.88,16.48,16.87,0.29,1.7491,42313518,1,0,0,1,0,0,1,2,4,7,6
2018-07-18,16.94,16.99,16.55,16.85,-0.02,-0.1186,40881493,0,1,1,0,0,0,1,0,7,8,9
2018-07-19,16.71,16.88,16.55,16.71,-0.14,-0.8309,41267829,0,1,1,0,0,0,1,1,6,8,6
2018-07-20,16.66,16.88,16.44,16.5,-0.21,-1.2567,42906009,0,1,0,1,0,0,4,3,6,13,8
2018-07-23,16.47,16.68,15.9,16.66,0.16,0.9697,44940819,1,0,0,1,0,0,1,1,4,6,6
2018-07-24,16.75,16.86,16.11,16.19,-0.47,-2.8211,58201458,0,1,0,0,1,0,4,2,1,7,1
2018-07-25,16.3,16.39,15.72,16.05,-0.14,-0.8647,83639684,0,1,0,1,0,0,4,0,3,7,3
2018-07-26,17.16,18.45,16.83,18.35,2.3,14.3302,192661124,1,0,0,0,0,1,2,3,8,13,10
2018-07-27,19.07,19.88,18.31,18.94,0.59,3.2153,161903789,1,0,0,0,1,0,4,0,6,10,6
2018-07-30,19.4,20.18,19.31,19.42,0.48,2.5343,160823407,1,0,0,0,1,0,0,0,6,6,8
2018-07-31,19.35,19.5,18.27,18.33,-1.09,-5.6128,118403405,0,1,0,0,0,1,5,0,6,11,5
2018-08-01,18.34,18.95,18.32,18.48,0.15,0.8183,75495240,1,0,1,0,0,0,5,0,6,11,5
2018-08-02,18.17,18.83,18.0,18.79,0.31,1.6775,52867121,1,0,0,1,0,0,5,0,6,11,5
2018-08-03,18.94,19.06,18.37,18.49,-0.3,-1.5966,53232065,0,1,0,1,0,0,5,1,6,12,4
2018-08-06,18.89,19.44,18.46,19.43,0.94,5.0838,83579668,1,0,0,0,0,1,3,3,6,12,9
2018-08-07,19.53,19.71,19.08,19.56,0.13,0.6691,72822590,1,0,1,0,0,0,3,0,6,9,7
2018-08-08,19.46,19.77,19.26,19.58,0.02,0.1022,52081364,1,0,1,0,0,0,2,0,6,8,7
2018-08-09,19.58,19.71,19.08,19.1,-0.48,-2.4515,46653358,0,1,0,0,1,0,4,0,6,10,6
2018-08-10,19.09,19.48,18.85,19.06,-0.04,-0.2094,65821056,0,1,1,0,0,0,5,0,6,11,5
2018-08-13,19.16,19.93,19.12,19.73,0.67,3.5152,81411331,1,0,0,0,0,1,2,0,6,8,7
2018-08-14,19.97,20.28,19.63,20.02,0.29,1.4698,89195509,1,0,0,1,0,0,2,0,6,8,7
2018-08-15,19.86,20.1,19.2,19.7,-0.32,-1.5984,86355654,0,1,0,1,0,0,4,0,6,10,6
2018-08-16,19.86,20.07,19.25,19.33,-0.37,-1.8782,69733708,0,1,0,1,0,0,5,2,6,13,4
2018-08-17,19.12,19.82,18.73,19.77,0.44,2.2763,60616638,1,0,0,0,1,0,5,0,6,11,5
2018-08-20,19.79,20.08,19.35,19.98,0.21,1.0622,62983236,1,0,0,1,0,0,3,0,6,9,7
2018-08-21,19.98,20.42,19.86,20.4,0.42,2.1021,55628983,1,0,0,0,1,0,2,3,6,11,9
2018-08-22,20.28,20.92,20.21,20.9,0.5,2.451,62002721,1,0,0,0,1,0,0,2,6,8,7
2018-08-23,21.19,22.32,21.14,22.29,1.39,6.6507,113444117,1,0,0,0,0,1,0,0,6,6,8
2018-08-24,22.91,24.0,22.67,23.98,1.69,7.5819,164328182,1,0,0,0,0,1,0,0,6,6,8
2018-08-27,24.94,27.3,24.63,25.26,1.28,5.3378,325058416,1,0,0,0,0,1,0,0,6,6,8
2018-08-28,25.51,26.18,24.04,25.05,-0.21,-0.8314,215771220,0,1,1,0,0,0,4,0,6,10,6
2018-08-29,24.36,25.41,24.01,25.2,0.15,0.5988,143223187,1,0,1,0,0,0,4,1,6,11,4
2018-08-30,25.29,25.67,24.76,24.89,-0.31,-1.2302,103607291,0,1,0,1,0,0,4,1,6,11,4
2018-08-31,24.89,25.24,24.72,25.17,0.28,1.1249,65206352,1,0,0,1,0,0,4,1,6,11,4
2018-09-04,25.62,28.11,25.57,28.06,2.89,11.4819,192541253,1,0,0,0,0,1,0,0,6,6,8
2018-09-05,29.41,29.94,26.84,28.51,0.45,1.6037,257349007,1,0,0,1,0,0,0,1,6,7,7
2018-09-06,28.12,28.58,27.19,27.84,-0.67,-2.3501,143942935,0,1,0,0,1,0,0,1,6,7,7
2018-09-07,26.96,28.27,26.8,27.38,-0.46,-1.6523,123348744,0,1,0,1,0,0,4,1,6,11,4
2018-09-10,28.15,29.93,27.84,29.89,2.51,9.1673,162253798,1,0,0,0,0,1,0,3,6,9,9
2018-09-11,30.02,30.59,29.37,30.1,0.21,0.7026,159902483,1,0,1,0,0,0,0,1,6,7,7
2018-09-12,29.91,32.29,29.45,32.21,2.11,7.01,197889598,1,0,0,0,0,1,0,1,6,7,7
2018-09-13,33.16,34.14,29.87,30.48,-1.73,-5.371,304147108,0,1,0,0,0,1,4,1,6,11,4
2018-09-14,31.43,33.09,30.54,32.72,2.24,7.3491,217762820,1,0,0,0,0,1,0,1,6,7,7
2018-09-17,31.75,33.23,31.6,32.43,-0.29,-0.8863,180410560,0,1,0,1,0,0,2,1,6,9,7
2018-09-18,32.99,33.37,31.2,31.93,-0.5,-1.5418,176673169,0,1,0,1,0,0,4,1,6,11,4
2018-09-19,31.52,31.83,30.51,31.21,-0.72,-2.2549,124287022,0,1,0,0,1,0,5,1,6,12,4
2018-09-20,32.1,32.2,30.64,31.18,-0.03,-0.0961,123116549,0,1,1,0,0,0,5,1,6,12,4
2018-09-21,31.19,32.42,30.91,31.02,-0.16,-0.5131,129792949,0,1,1,0,0,0,5,3,6,14,7
2018-09-24,31.13,32.65,30.91,32.61,1.59,5.1257,118332614,1,0,0,0,0,1,4,1,6,11,4
2018-09-25,33.18,33.6,32.19,32.57,-0.04,-0.1227,118570163,0,1,1,0,0,0,4,1,6,11,4
2018-09-26,32.4,32.6,31.72,32.19,-0.38,-1.1667,79347320,0,1,0,1,0,0,5,1,4,10,4
2018-09-27,31.86,32.63,31.39,32.59,0.4,1.2426,87934428,1,0,0,1,0,0,4,1,7,12,8
2018-09-28,32.24,32.78,29.98,30.89,-1.7,-5.2163,165453485,0,1,0,0,0,1,5,1,2,8,2
2018-10-01,30.69,31.91,30.25,31.42,0.53,1.7158,94742859,1,0,0,1,0,0,5,1,4,10,4
2018-10-02,30.73,30.82,28.65,29.02,-2.4,-7.6384,145276455,0,1,0,0,0,1,3,0,2,5,4
2018-10-03,29.04,29.22,26.54,28.43,-0.59,-2.0331,190137198,0,1,0,0,1,0,5,1,0,6,0
2018-10-04,27.99,28.83,27.37,27.78,-0.65,-2.2863,95831156,0,1,0,0,1,0,0,1,3,4,5
2018-10-05,28.07,28.47,26.93,27.35,-0.43,-1.5479,88008487,0,1,0,1,0,0,0,0,3,3,6
2018-10-08,26.73,27.54,25.96,26.46,-0.89,-3.2541,103789499,0,1,0,0,1,0,0,0,3,3,6
2018-10-09,26.15,27.71,26.0,27.24,0.78,2.9478,105461756,1,0,0,0,1,0,2,0,3,5,4
2018-10-10,27.38,27.4,24.91,25.0,-2.24,-8.2232,147682923,0,1,0,0,0,1,2,0,0,2,0
2018-10-11,24.74,26.2,24.55,25.3,0.3,1.2,147013774,1,0,0,1,0,0,1,1,2,4,3
2018-10-12,26.77,26.97,25.67,26.34,1.04,4.1107,111059406,1,0,0,0,0,1,1,1,5,7,5
2018-10-15,26.38,26.77,25.75,26.26,-0.08,-0.3037,70523486,0,1,1,0,0,0,4,1,3,8,2
2018-10-16,26.63,28.23,26.17,28.18,1.92,7.3115,92528973,1,0,0,0,0,1,4,1,8,13,9
2018-10-17,28.41,28.53,26.92,27.3,-0.88,-3.1228,89466946,0,1,0,0,1,0,4,1,0,5,0
2018-10-18,27.08,27.75,26.4,26.62,-0.68,-2.4908,79623723,0,1,0,0,1,0,4,1,2,7,2
2018-10-19,27.03,27.1,23.6,23.66,-2.96,-11.1195,130799866,0,1,0,0,0,1,2,1,1,4,2
2018-10-22,24.46,25.64,24.09,25.03,1.37,5.7904,114158919,1,0,0,0,0,1,4,1,2,7,2
2018-10-23,24.18,25.26,23.85,25.09,0.06,0.2397,101763018,1,0,1,0,0,0,4,1,2,7,2
2018-10-24,25.04,25.1,22.75,22.79,-2.3,-9.167,134489106,0,1,0,0,0,1,1,2,1,4,1
2018-10-25,17.92,20.15,17.72,19.27,-3.52,-15.4454,189173672,0,1,0,0,0,1,0,0,0,0,1
2018-10-26,18.49,18.78,17.05,17.63,-1.64,-8.5106,119688961,0,1,0,0,0,1,0,0,2,2,7
2018-10-29,18.21,18.23,16.27,16.85,-0.78,-4.4243,94479590,0,1,0,0,0,1,0,0,2,2,7
2018-10-30,16.38,17.24,16.17,17.2,0.35,2.0772,99049408,1,0,0,0,1,0,0,1,2,3,6
2018-10-31,17.87,18.34,17.12,18.21,1.01,5.8721,110463663,1,0,0,0,0,1,1,1,2,4,3
2018-11-01,18.41,20.33,18.08,20.22,2.01,11.0379,136896463,1,0,0,0,0,1,4,0,3,7,3
2018-11-02,20.59,21.06,19.47,20.23,0.01,0.0495,123787953,1,0,1,0,0,0,4,0,2,6,3
2018-11-05,20.12,20.18,18.88,19.9,-0.33,-1.6312,108016703,0,1,0,1,0,0,4,0,2,6,3
2018-11-06,19.5,21.65,19.48,20.68,0.78,3.9196,144995728,1,0,0,0,0,1,4,0,4,8,6
2018-11-07,21.42,22.22,21.07,21.84,1.16,5.6093,121115776,1,0,0,0,0,1,4,3,3,10,5
2018-11-08,21.77,22.08,20.97,21.2,-0.64,-2.9304,92387565,0,1,0,0,1,0,4,1,4,9,5
2018-11-09,20.77,21.19,20.11,21.03,-0.17,-0.8019,85900699,0,1,1,0,0,0,4,1,3,8,2
2018-11-12,20.68,20.85,18.8,19.03,-2.0,-9.5102,95948176,0,1,0,0,0,1,4,1,0,5,0
2018-11-13,19.28,20.02,18.97,19.61,0.58,3.0478,76125994,1,0,0,0,1,0,4,0,3,7,3
2018-11-14,20.18,21.11,19.76,20.81,1.2,6.1193,106344252,1,0,0,0,0,1,4,1,4,9,5
2018-11-15,20.72,21.77,20.42,21.49,0.68,3.2677,97715488,1,0,0,0,1,0,2,1,5,8,7
2018-11-16,19.87,20.97,19.72,20.66,-0.83,-3.8623,112376589,0,1,0,0,0,1,4,1,2,7,2
2018-11-19,20.4,20.59,19.09,19.11,-1.55,-7.5024,93578236,0,1,0,0,0,1,4,1,0,5,0
2018-11-20,17.4,19.58,17.18,19.21,0.1,0.5233,109869425,1,0,1,0,0,0,4,1,2,7,2
2018-11-21,20.05,20.31,18.5,18.73,-0.48,-2.4987,81585649,0,1,0,0,1,0,4,1,2,7,2
2018-11-23,18.61,19.83,18.56,19.38,0.65,3.4704,54611295,1,0,0,0,1,0,4,1,2,7,2
2018-11-26,19.96,20.19,19.11,20.08,0.7,3.612,83210988,1,0,0,0,0,1,4,1,7,12,8
2018-11-27,19.77,21.45,19.73,21.05,0.97,4.8307,119230147,1,0,0,0,0,1,4,1,7,12,8
2018-11-28,21.82,21.88,20.18,21.34,0.29,1.3777,134425292,1,0,0,1,0,0,2,1,4,7,7
2018-11-29,21.19,21.61,20.73,21.43,0.09,0.4217,79853746,1,0,1,0,0,0,1,2,4,7,6
2018-11-30,21.3,21.36,20.52,21.3,-0.13,-0.6066,82370737,0,1,1,0,0,0,1,1,3,5,2
2018-12-03,22.48,23.75,22.37,23.71,2.41,11.3146,139605406,1,0,0,0,0,1,0,2,8,10,10
2018-12-04,23.35,23.42,21.07,21.12,-2.59,-10.9237,127392924,0,1,0,0,0,1,4,1,0,5,0
2018-12-06,20.22,21.41,20.06,21.3,0.18,0.8523,103434674,1,0,1,0,0,0,4,1,8,13,9
2018-12-07,21.3,21.38,19.17,19.46,-1.84,-8.6385,105764534,0,1,0,0,0,1,4,1,0,5,0
2018-12-10,19.35,20.13,19.27,19.99,0.53,2.7235,77984520,1,0,0,0,1,0,4,1,3,8,2
2018-12-11,20.71,21.14,19.69,19.98,-0.01,-0.05,88027392,0,1,1,0,0,0,4,1,2,7,2
2018-12-12,20.32,21.02,19.71,20.48,0.5,2.5025,100340657,1,0,0,0,1,0,4,1,3,8,2
2018-12-13,20.63,20.87,19.76,19.86,-0.62,-3.0273,88108070,0,1,0,0,1,0,4,1,2,7,2
2018-12-14,19.58,20.7,19.52,19.9,0.04,0.2014,84713551,1,0,1,0,0,0,2,1,0,3,0
2018-12-17,20.01,20.02,18.64,18.83,-1.07,-5.3769,115437927,0,1,0,0,0,1,1,3,0,4,1
2018-12-18,19.15,19.84,18.88,19.5,0.67,3.5582,101512938,1,0,0,0,0,1,4,1,2,7,2
2018-12-19,19.44,19.72,18.0,18.16,-1.34,-6.8718,120644490,0,1,0,0,0,1,1,2,1,4,1
2018-12-20,18.11,18.86,17.34,17.94,-0.22,-1.2115,119394487,0,1,0,1,0,0,1,0,1,2,1
2018-12-21,18.12,18.34,16.76,16.93,-1.01,-5.6299,132245996,0,1,0,0,0,1,1,0,1,2,1
2018-12-24,16.52,17.22,16.37,16.65,-0.28,-1.6539,62933126,0,1,0,1,0,0,1,0,1,2,1
2018-12-26,16.88,17.91,16.03,17.9,1.25,7.5075,108811809,1,0,0,0,0,1,4,0,1,5,1
2018-12-27,17.43,17.74,16.44,17.49,-0.41,-2.2905,111373008,0,1,0,0,1,0,4,0,1,5,1
2018-12-28,17.53,18.31,17.14,17.82,0.33,1.8868,109214352,1,0,0,1,0,0,4,0,1,5,1
2018-12-31,18.15,18.51,17.85,18.46,0.64,3.5915,84732181,1,0,0,0,0,1,4,0,4,8,6
2019-01-02,18.01,19.0,17.98,18.83,0.37,2.0043,87148693,1,0,0,0,1,0,4,2,2,8,2
2019-01-03,18.42,18.68,16.94,17.05,-1.78,-9.453,117277563,0,1,0,0,0,1,4,3,0,7,1
2019-01-04,17.55,19.07,17.43,19.0,1.95,11.437,111878582,1,0,0,0,0,1,4,2,8,14,9
2019-01-07,19.44,20.68,19.0,20.57,1.57,8.2632,107157014,1,0,0,0,0,1,2,0,8,10,10
2019-01-08,21.19,21.2,19.68,20.75,0.18,0.8751,121270986,1,0,0,1,0,0,1,3,8,12,10
2019-01-09,20.89,21.44,20.07,20.19,-0.56,-2.6988,163944073,0,1,0,0,1,0,4,1,4,9,5
2019-01-10,19.76,19.83,18.9,19.74,-0.45,-2.2288,115629372,0,1,0,0,1,0,6,0,2,8,2
2019-01-11,19.47,20.35,19.19,20.27,0.53,2.6849,85110766,1,0,0,0,1,0,4,0,5,9,6
2019-01-14,19.96,20.62,19.75,20.23,-0.04,-0.1973,71350248,0,1,1,0,0,0,4,2,4,10,5
2019-01-15,20.44,20.68,20.26,20.38,0.15,0.7415,62785800,1,0,1,0,0,0,2,3,8,13,10
2019-01-16,20.4,20.54,19.71,19.73,-0.65,-3.1894,70849266,0,1,0,0,1,0,4,1,0,5,0
2019-01-17,19.49,20.51,19.02,20.25,0.52,2.6356,85018421,1,0,0,0,1,0,4,1,8,13,9
2019-01-18,20.37,21.05,20.02,20.77,0.52,2.5679,88130950,1,0,0,0,1,0,2,1,8,11,10
2019-01-22,20.48,20.92,19.7,19.76,-1.01,-4.8628,78513667,0,1,0,0,0,1,4,1,0,5,0
2019-01-23,20.03,20.48,19.55,19.8,0.04,0.2024,77811255,1,0,1,0,0,0,4,1,4,9,5
2019-01-24,20.06,21.01,20.04,20.85,1.05,5.303,97433423,1,0,0,0,0,1,2,2,8,12,10
2019-01-25,20.99,22.03,20.79,21.93,1.08,5.1799,110555157,1,0,0,0,0,1,1,3,7,11,10
2019-01-28,20.32,21.01,20.02,20.18,-1.75,-7.9799,135164064,0,1,0,0,0,1,4,1,0,5,0
2019-01-29,20.26,20.39,19.05,19.25,-0.93,-4.6085,131202535,0,1,0,0,0,1,2,1,0,3,0
2019-01-30,21.49,23.13,21.37,23.09,3.84,19.9481,211421150,1,0,0,0,0,1,2,2,8,12,10
2019-01-31,23.02,25.14,22.83,24.41,1.32,5.7168,182575629,1,0,0,0,0,1,2,0,5,7,7
2019-02-01,24.61,24.84,24.07,24.51,0.1,0.4097,105356175,1,0,1,0,0,0,1,0,5,6,6
2019-02-04,24.43,24.66,24.07,24.13,-0.38,-1.5504,70843958,0,1,0,1,0,0,1,1,5,7,5
2019-02-05,23.42,23.86,22.98,23.31,-0.82,-3.3983,122226034,0,1,0,0,1,0,4,1,5,10,4
2019-02-06,23.63,24.14,23.22,23.26,-0.05,-0.2145,78684325,0,1,1,0,0,0,4,0,5,9,6
2019-02-07,22.99,23.22,22.32,22.67,-0.59,-2.5365,86723886,0,1,0,0,1,0,4,1,3,8,2
2019-02-08,22.33,23.28,22.27,23.05,0.38,1.6762,78129280,1,0,0,1,0,0,4,0,8,12,10
2019-02-11,23.05,23.28,22.66,22.96,-0.09,-0.3905,60578705,0,1,1,0,0,0,4,0,5,9,6
2019-02-12,23.43,23.56,22.75,22.82,-0.14,-0.6098,67595405,0,1,1,0,0,0,4,0,5,9,6
2019-02-13,22.98,23.24,22.71,22.85,0.03,0.1315,57544167,1,0,1,0,0,0,4,2,4,10,5
2019-02-14,22.74,23.37,22.59,23.13,0.28,1.2254,64441243,1,0,0,1,0,0,4,0,5,9,6
2019-02-15,23.58,24.05,23.2,23.68,0.55,2.3779,78644109,1,0,0,0,1,0,4,0,4,8,6
2019-02-19,23.63,24.41,23.61,23.95,0.27,1.1402,57517907,1,0,0,1,0,0,4,2,7,13,8
2019-02-20,24.14,24.37,23.9,23.95,0.0,0.0,57091617,0,0,1,0,0,0,4,0,7,11,9
2019-02-21,24.04,24.33,23.85,23.92,-0.03,-0.1253,49608176,0,1,1,0,0,0,4,0,5,9,6
2019-02-22,24.05,24.36,23.88,24.36,0.44,1.8395,52650728,1,0,0,1,0,0,2,0,5,7,7
2019-02-25,25.01,25.52,24.68,24.71,0.35,1.4368,63221028,1,0,0,1,0,0,4,3,5,12,7
2019-02-26,24.65,24.72,24.15,24.21,-0.5,-2.0235,48470089,0,1,0,0,1,0,4,1,5,10,4
2019-02-27,24.11,24.23,23.21,23.48,-0.73,-3.0153,62649329,0,1,0,0,1,0,4,2,3,9,2
2019-02-28,23.21,23.67,23.11,23.53,0.05,0.2129,39384901,1,0,1,0,0,0,4,1,4,9,5
2019-03-01,23.97,24.19,23.45,23.68,0.15,0.6375,48083975,1,0,1,0,0,0,4,1,3,8,2
2019-03-04,23.89,24.13,23.01,23.37,-0.31,-1.3091,48147714,0,1,0,1,0,0,4,1,3,8,2
2019-03-05,23.34,23.68,23.01,23.5,0.13,0.5563,35462587,1,0,1,0,0,0,4,1,4,9,5
2019-03-06,23.47,23.53,22.4,22.41,-1.09,-4.6383,60479430,0,1,0,0,0,1,1,2,0,3,0
2019-03-07,22.33,22.41,21.73,22.08,-0.33,-1.4726,52186289,0,1,0,1,0,0,1,1,1,3,1
2019-03-08,21.35,22.09,21.04,22.01,-0.07,-0.317,49967725,0,1,1,0,0,0,6,1,1,8,0
2019-03-11,22.15,23.08,21.98,22.96,0.95,4.3162,54420188,1,0,0,0,0,1,4,1,8,13,9
2019-03-12,23.1,23.8,22.78,23.49,0.53,2.3084,56410616,1,0,0,0,1,0,4,1,8,13,9
2019-03-13,23.66,24.15,23.35,23.38,-0.11,-0.4683,56705777,0,1,1,0,0,0,4,1,5,10,4
2019-03-14,23.37,23.49,22.8,22.82,-0.56,-2.3952,42818582,0,1,0,0,1,0,4,1,0,5,0
2019-03-15,23.1,23.65,23.01,23.29,0.47,2.0596,46519912,1,0,0,0,1,0,4,1,8,13,9
2019-03-18,23.3,23.62,23.04,23.25,-0.04,-0.1717,34731839,0,1,1,0,0,0,6,1,4,11,4
2019-03-19,23.6,26.08,23.59,26.0,2.75,11.828,156052222,1,0,0,0,0,1,2,3,8,13,10
2019-03-20,26.49,26.88,25.31,25.7,-0.3,-1.1538,151292138,0,1,0,1,0,0,4,0,5,9,6
2019-03-21,25.78,28.11,25.71,27.89,2.19,8.5214,129610272,1,0,0,0,0,1,0,0,7,7,10
2019-03-22,27.54,27.75,26.33,26.37,-1.52,-5.45,115323257,0,1,0,0,0,1,4,1,6,11,4
2019-03-25,26.29,26.99,25.54,25.97,-0.4,-1.5169,78438159,0,1,0,1,0,0,4,1,6,11,4
2019-03-26,26.69,26.98,25.46,25.69,-0.28,-1.0782,75754079,0,1,0,1,0,0,4,1,6,11,4
2019-03-27,25.7,25.88,24.55,24.89,-0.8,-3.1141,88585265,0,1,0,0,1,0,4,1,3,8,2
2019-03-28,25.1,25.56,24.65,25.06,0.17,0.6829999999999999,64667453,1,0,1,0,0,0,4,1,4,9,5
2019-03-29,25.58,25.73,25.25,25.52,0.46,1.8356,53502807,1,0,0,1,0,0,4,1,8,13,9
2019-04-01,26.42,26.56,25.83,26.36,0.84,3.2915,63000322,1,0,0,0,1,0,4,1,6,11,4
2019-04-02,26.51,26.8,26.09,26.75,0.39,1.4795,53358772,1,0,0,1,0,0,4,0,6,10,6
2019-04-03,28.02,29.95,27.88,29.02,2.27,8.486,197650478,1,0,0,0,0,1,1,2,6,9,5
2019-04-04,28.88,29.39,28.61,29.09,0.07,0.2412,82191092,1,0,1,0,0,0,0,0,6,6,8
2019-04-05,29.64,29.69,28.8,28.98,-0.11,-0.3781,65662738,0,1,1,0,0,0,1,0,6,7,6
2019-04-08,28.69,28.95,28.18,28.53,-0.45,-1.5528,58002493,0,1,0,1,0,0,4,0,6,10,6
2019-04-09,28.24,28.38,27.19,27.24,-1.29,-4.5216,75539793,0,1,0,0,0,1,4,1,3,8,2
2019-04-10,27.46,28.12,27.32,27.83,0.59,2.1659,64368144,1,0,0,0,1,0,4,1,8,13,9
2019-04-11,27.81,28.05,27.46,27.79,-0.04,-0.1437,44801179,0,1,1,0,0,0,4,0,6,10,6
2019-04-12,28.21,28.38,27.66,27.85,0.06,0.2159,41048838,1,0,1,0,0,0,4,2,6,12,4
2019-04-15,27.8,27.84,26.96,27.33,-0.52,-1.8671,40812497,0,1,0,1,0,0,4,0,3,7,3
2019-04-16,27.72,28.18,27.49,27.93,0.6,2.1954,47340055,1,0,0,0,1,0,4,1,8,13,9
2019-04-17,28.21,28.27,27.22,27.49,-0.44,-1.5754,48240768,0,1,0,1,0,0,4,1,2,7,2
2019-04-18,27.6,27.88,27.34,27.68,0.19,0.6912,39880890,1,0,1,0,0,0,4,1,5,10,4
2019-04-22,27.62,28.23,27.39,28.18,0.5,1.8064,36477286,1,0,0,1,0,0,4,1,7,12,8
2019-04-23,28.18,28.49,27.79,27.97,-0.21,-0.7452,41777470,0,1,1,0,0,0,4,1,5,10,4
2019-04-24,28.1,28.85,27.93,28.46,0.49,1.7519,51784738,1,0,0,1,0,0,4,0,7,11,9
2019-04-25,28.67,28.86,27.36,27.66,-0.8,-2.8110000000000004,57329711,0,1,0,0,1,0,4,0,2,6,3
2019-04-26,27.66,27.9,27.05,27.88,0.22,0.7954,48827903,1,0,1,0,0,0,4,0,6,10,6
2019-04-29,27.9,28.14,27.5,27.69,-0.19,-0.6815,44532725,0,1,1,0,0,0,4,0,3,7,3
2019-04-30,27.59,27.8,26.94,27.63,-0.06,-0.2167,73165869,0,1,1,0,0,0,4,0,6,10,6
2019-05-01,28.95,29.15,26.78,26.81,-0.82,-2.9678,136066941,0,1,0,0,1,0,2,1,0,3,0
2019-05-02,26.94,28.64,26.61,28.29,1.48,5.5203,100514792,1,0,0,0,0,1,4,1,8,13,9
2019-05-03,28.3,28.42,27.66,28.22,-0.07,-0.2474,55503062,0,1,1,0,0,0,4,1,5,10,4
2019-05-06,26.72,27.5,26.45,27.42,-0.8,-2.8349,70344092,0,1,0,0,1,0,4,0,0,4,0
2019-05-07,27.2,27.35,26.21,26.66,-0.76,-2.7717,75868821,0,1,0,0,1,0,2,0,1,3,2
2019-05-08,26.41,27.71,26.27,27.09,0.43,1.6129,65967544,1,0,0,1,0,0,6,1,3,10,1
2019-05-09,26.7,27.38,26.03,27.21,0.12,0.443,73150883,1,0,1,0,0,0,4,1,3,8,2
2019-05-10,27.03,28.1,26.93,27.96,0.75,2.7563,82930144,1,0,0,0,1,0,4,1,8,13,9
2019-05-13,26.98,27.23,26.1,26.24,-1.72,-6.1516,99017893,0,1,0,0,0,1,2,0,0,2,0
2019-05-14,26.53,27.48,26.15,27.32,1.08,4.1159,82980397,1,0,0,0,0,1,4,1,7,12,8
2019-05-15,26.87,27.79,26.73,27.58,0.26,0.9517,55689874,1,0,0,1,0,0,4,1,8,13,9
2019-05-16,27.37,28.37,27.27,28.01,0.43,1.5591,67330064,1,0,0,1,0,0,4,1,4,9,5
2019-05-17,27.69,28.46,27.4,27.5,-0.51,-1.8208,65385351,0,1,0,1,0,0,4,1,1,6,1
2019-05-20,26.98,27.24,26.49,26.68,-0.82,-2.9818,69757402,0,1,0,0,1,0,4,1,0,5,0
2019-05-21,27.18,27.37,26.93,27.35,0.67,2.5112,46079177,1,0,0,0,1,0,4,1,8,13,9
2019-05-22,27.12,27.59,27.07,27.41,0.06,0.2194,40035288,1,0,1,0,0,0,4,1,7,12,8
2019-05-23,26.99,27.1,26.03,26.36,-1.05,-3.8307,67809153,0,1,0,0,0,1,2,1,0,3,0
2019-05-24,26.61,26.93,26.4,26.44,0.08,0.3035,39835788,1,0,1,0,0,0,2,1,2,5,4
2019-05-28,27.27,29.67,27.06,29.03,2.59,9.7958,146949629,1,0,0,0,0,1,2,3,8,13,10
2019-05-29,29.0,29.32,27.73,28.09,-0.94,-3.238,99969597,0,1,0,0,1,0,4,1,6,11,4
2019-05-30,28.4,28.56,27.6,28.03,-0.06,-0.2136,65289093,0,1,1,0,0,0,6,2,4,12,4
2019-05-31,27.57,28.36,27.4,27.41,-0.62,-2.2119,68667809,0,1,0,0,1,0,4,1,0,5,0
2019-06-03,28.75,29.62,27.29,27.58,0.17,0.6202,147532180,1,0,1,0,0,0,4,0,8,12,10
2019-06-04,28.39,29.59,27.91,29.57,1.99,7.2154,107549523,1,0,0,0,0,1,2,2,8,12,10
2019-06-05,29.93,29.99,29.03,29.5,-0.07,-0.2367,79481540,0,1,1,0,0,0,2,0,6,8,7
2019-06-06,29.87,31.98,29.84,31.82,2.32,7.8644,131267796,1,0,0,0,0,1,1,0,6,7,6
2019-06-07,31.94,32.6,31.57,32.41,0.59,1.8542,86841098,1,0,0,1,0,0,1,0,6,7,6
2019-06-10,33.53,34.3,33.08,33.23,0.82,2.5301,97668791,1,0,0,0,1,0,0,0,6,6,8
2019-06-11,33.43,33.49,31.82,32.41,-0.82,-2.4676,82834914,0,1,0,0,1,0,4,0,6,10,6
2019-06-12,32.0,32.57,31.92,32.18,-0.23,-0.7097,56298671,0,1,1,0,0,0,4,0,6,10,6
2019-06-13,32.39,32.5,31.06,31.39,-0.79,-2.4549,63555986,0,1,0,0,1,0,4,1,6,11,4
2019-06-14,30.7,30.96,30.02,30.36,-1.03,-3.2813,70373015,0,1,0,0,1,0,4,1,3,8,2
2019-06-17,30.25,30.45,29.18,29.2,-1.16,-3.8208,70865743,0,1,0,0,0,1,4,1,0,5,0
2019-06-18,29.76,30.97,29.58,30.45,1.25,4.2808,86444542,1,0,0,0,0,1,4,3,8,15,10
2019-06-19,30.67,30.79,30.06,30.5,0.05,0.1642,63233939,1,0,1,0,0,0,4,1,4,9,5
2019-06-20,31.24,31.36,29.84,30.01,-0.49,-1.6066,72418162,0,1,0,1,0,0,4,1,3,8,2
2019-06-21,29.65,30.35,28.97,29.1,-0.91,-3.0323,81861322,0,1,0,0,1,0,2,1,0,3,0
2019-06-24,29.32,29.4,28.67,29.26,0.16,0.5498,55724826,1,0,1,0,0,0,2,1,3,6,3
2019-06-25,29.26,29.72,28.8,28.86,-0.4,-1.3671,53680887,0,1,0,1,0,0,1,1,1,3,1
2019-06-26,29.98,30.48,29.78,29.92,1.06,3.6729,65064199,1,0,0,0,0,1,4,1,8,13,9
2019-06-27,30.41,30.96,30.21,30.74,0.82,2.7406,55623309,1,0,0,0,1,0,4,1,4,9,5
2019-06-28,31.08,31.11,30.33,30.37,-0.37,-1.2036,50090925,0,1,0,1,0,0,4,1,5,10,4
2019-07-01,31.79,32.04,30.87,31.2,0.83,2.733,60525532,1,0,0,0,1,0,4,1,7,12,8
2019-07-02,30.96,31.26,30.73,31.24,0.04,0.1282,37721679,1,0,1,0,0,0,4,1,5,10,4
2019-07-03,31.13,31.33,30.74,31.19,-0.05,-0.1601,23462004,0,1,1,0,0,0,4,3,5,12,7
2019-07-05,30.88,31.56,30.75,31.5,0.31,0.9939,34011867,1,0,0,1,0,0,2,1,4,7,7
2019-07-08,31.8,32.15,31.26,32.04,0.54,1.7143,49689399,1,0,0,1,0,0,1,1,5,7,5
2019-07-09,31.76,33.18,31.71,33.15,1.11,3.4644,61419773,1,0,0,0,1,0,1,3,5,9,8
2019-07-10,33.56,34.03,33.36,33.79,0.64,1.9306,60388439,1,0,0,0,1,0,1,0,7,8,9
2019-07-11,33.91,34.0,32.76,33.06,-0.73,-2.1604,63081800,0,1,0,0,1,0,1,1,6,8,6
2019-07-12,32.76,33.39,32.59,33.21,0.15,0.4537,51509682,1,0,1,0,0,0,1,1,6,8,6
2019-07-15,33.34,34.55,33.27,34.39,1.18,3.5531,65565248,1,0,0,0,0,1,0,0,5,5,8
2019-07-16,34.3,34.86,33.8,33.85,-0.54,-1.5702,66912699,0,1,0,1,0,0,1,0,7,8,9
2019-07-17,34.01,34.3,33.49,33.6,-0.25,-0.7386,42557903,0,1,1,0,0,0,4,1,6,11,4
2019-07-18,33.03,33.46,32.42,33.0,-0.6,-1.7857,58610857,0,1,0,1,0,0,4,1,3,8,2
2019-07-19,33.08,33.35,32.45,32.51,-0.49,-1.4848,44617702,0,1,0,1,0,0,4,3,4,11,8
2019-07-22,32.8,33.31,32.74,32.85,0.34,1.0458,37777312,1,0,0,1,0,0,4,0,4,8,6
2019-07-23,33.17,33.5,32.93,33.49,0.64,1.9482,38532460,1,0,0,0,1,0,4,0,8,12,10
2019-07-24,33.64,34.36,33.45,34.11,0.62,1.8513,41952256,1,0,0,1,0,0,2,1,6,9,7
2019-07-25,34.05,34.25,33.62,33.67,-0.44,-1.2899,36705616,0,1,0,1,0,0,4,1,6,11,4
2019-07-26,34.23,34.77,33.87,34.02,0.35,1.0395,43502776,1,0,0,1,0,0,4,0,6,10,6
2019-07-29,34.14,34.18,32.98,33.48,-0.54,-1.5873,45921978,0,1,0,1,0,0,4,1,4,9,5
2019-07-30,33.21,33.94,32.94,33.87,0.39,1.1649,72198880,1,0,0,1,0,0,4,1,5,10,4
2019-07-31,32.08,32.3,30.3,30.45,-3.42,-10.0974,119190001,0,1,0,0,0,1,2,0,0,2,0
2019-08-01,30.5,31.48,29.1,29.86,-0.59,-1.9376,80878890,0,1,0,0,1,0,2,0,2,4,5
2019-08-02,29.48,29.73,28.94,29.44,-0.42,-1.4066,60410852,0,1,0,1,0,0,4,0,1,5,1
2019-08-05,28.26,28.49,27.65,27.99,-1.45,-4.9253,74333240,0,1,0,0,0,1,1,0,1,2,1
2019-08-06,28.86,29.05,28.2,28.86,0.87,3.1083,60578444,1,0,0,0,1,0,1,1,2,4,3
2019-08-07,28.47,29.28,28.37,29.19,0.33,1.1435,58577543,1,0,0,1,0,0,4,1,3,8,2
2019-08-08,31.53,34.27,31.48,33.92,4.73,16.2042,167278810,1,0,0,0,0,1,2,0,8,10,10
2019-08-09,33.45,35.55,33.08,34.19,0.27,0.7959999999999999,132483947,1,0,1,0,0,0,2,0,6,8,7
2019-08-12,34.16,34.65,32.08,32.43,-1.76,-5.1477,106936040,0,1,0,0,0,1,4,3,3,10,5
2019-08-13,32.36,33.14,31.72,32.11,-0.32,-0.9867,102579321,0,1,0,1,0,0,6,1,4,11,4
2019-08-14,31.0,31.05,29.51,30.24,-1.87,-5.8237,127521456,0,1,0,0,0,1,4,2,0,6,0
2019-08-15,30.63,30.73,29.21,29.67,-0.57,-1.8849,72606817,0,1,0,1,0,0,6,2,2,10,1
2019-08-16,30.31,31.48,30.21,31.18,1.51,5.0893,71588978,1,0,0,0,0,1,4,0,3,7,3
2019-08-19,32.0,32.19,31.42,31.48,0.3,0.9622,67781613,1,0,0,1,0,0,4,2,7,13,8
2019-08-20,30.94,31.31,30.45,30.72,-0.76,-2.4142,48016381,0,1,0,0,1,0,4,1,0,5,0
2019-08-21,31.05,31.74,30.84,31.7,0.98,3.1901,41635046,1,0,0,0,1,0,4,1,8,13,9
2019-08-22,31.76,31.92,30.98,31.9,0.2,0.6309,47742174,1,0,1,0,0,0,4,2,4,10,5
2019-08-23,31.3,31.83,29.4,29.54,-2.36,-7.3981,83931683,0,1,0,0,0,1,2,2,0,4,0
2019-08-26,30.34,30.72,29.94,30.28,0.74,2.5051,50858859,1,0,0,0,1,0,4,0,3,7,3
2019-08-27,30.6,30.89,29.6,30.2,-0.08,-0.2642,53351711,0,1,1,0,0,0,2,1,3,6,3
2019-08-28,29.92,31.18,29.7,30.78,0.58,1.9205,55896445,1,0,0,1,0,0,4,0,7,11,9
2019-08-29,31.47,31.83,31.33,31.45,0.67,2.1767,44485479,1,0,0,0,1,0,4,0,8,12,10
2019-08-30,31.6,31.87,31.13,31.45,0.0,0.0,40347321,0,0,1,0,0,0,4,2,5,11,4
2019-09-03,30.83,31.14,30.68,30.9,-0.55,-1.7488,38080254,0,1,0,1,0,0,4,0,0,4,0
2019-09-04,31.32,31.83,30.85,30.95,0.05,0.1618,46709780,1,0,1,0,0,0,4,1,4,9,5
2019-09-05,31.79,32.05,31.12,31.5,0.55,1.7771,57932080,1,0,0,1,0,0,4,1,8,13,9
2019-09-06,31.5,31.51,30.48,30.56,-0.94,-2.9841,51672982,0,1,0,0,1,0,4,1,0,5,0
2019-09-09,30.93,31.18,30.24,30.5,-0.06,-0.1963,54413163,0,1,1,0,0,0,4,1,3,8,2
2019-09-10,30.22,30.38,29.77,30.23,-0.27,-0.8852,48604766,0,1,0,1,0,0,4,3,1,8,3
2019-09-11,30.38,30.43,29.51,29.76,-0.47,-1.5547,50631683,0,1,0,1,0,0,2,1,1,4,2
2019-09-12,30.08,30.84,29.95,30.21,0.45,1.5121,53618344,1,0,0,1,0,0,4,2,3,9,2
2019-09-13,30.27,30.85,29.95,30.69,0.48,1.5889,47758753,1,0,0,1,0,0,4,1,8,13,9
2019-09-16,30.37,31.15,30.26,30.83,0.14,0.4562,52248540,1,0,1,0,0,0,4,3,4,11,8
2019-09-17,31.07,31.32,30.74,30.99,0.16,0.519,35125750,1,0,1,0,0,0,4,1,8,13,9
2019-09-18,30.75,30.89,29.88,30.42,-0.57,-1.8393,47277309,0,1,0,1,0,0,4,1,0,5,0
2019-09-19,30.57,30.96,30.14,30.29,-0.13,-0.4274,41930831,0,1,1,0,0,0,4,1,3,8,2
2019-09-20,30.36,30.47,29.65,30.05,-0.24,-0.7923,83555555,0,1,1,0,0,0,4,3,0,7,1
2019-09-23,30.12,30.8,30.07,30.64,0.59,1.9634,45185837,1,0,0,0,1,0,4,3,8,15,10
2019-09-24,30.54,30.75,29.29,29.52,-1.12,-3.6554,73220942,0,1,0,0,0,1,2,2,0,4,0
2019-09-25,29.48,29.65,28.55,29.54,0.02,0.0678,58691579,1,0,1,0,0,0,4,1,2,7,2
2019-09-26,29.67,29.77,29.0,29.47,-0.07,-0.237,41182228,0,1,1,0,0,0,4,1,2,7,2
2019-09-27,29.17,29.77,28.35,28.72,-0.75,-2.545,54144672,0,1,0,0,1,0,2,0,2,4,5
2019-09-30,28.89,29.05,28.36,28.99,0.27,0.9401,40332052,1,0,0,1,0,0,4,1,2,7,2
2019-10-01,29.05,29.54,28.64,28.76,-0.23,-0.7934,37366072,0,1,1,0,0,0,1,1,2,4,3
2019-10-02,28.5,28.85,28.03,28.31,-0.45,-1.5647,44048752,0,1,0,1,0,0,1,1,1,3,1
2019-10-03,28.28,28.78,27.43,28.68,0.37,1.307,56905408,1,0,0,1,0,0,4,0,3,7,3
2019-10-04,28.83,29.06,28.57,29.01,0.33,1.1506,34609211,1,0,0,1,0,0,4,0,2,6,3
2019-10-07,28.9,29.63,28.84,28.93,-0.08,-0.2758,39745268,0,1,1,0,0,0,4,0,2,6,3
2019-10-08,28.55,28.64,27.92,28.23,-0.7,-2.4196,44432078,0,1,0,0,1,0,4,0,1,5,1
2019-10-09,28.8,28.95,28.35,28.46,0.23,0.8147,36321583,1,0,1,0,0,0,4,0,3,7,3
2019-10-10,28.52,28.89,28.0,28.38,-0.08,-0.2811,41171995,0,1,1,0,0,0,4,0,1,5,1
2019-10-11,28.83,30.2,28.81,29.75,1.37,4.8273,66632445,1,0,0,0,0,1,4,2,8,14,9
2019-10-14,29.71,30.61,29.38,30.53,0.78,2.6218,44818233,1,0,0,0,1,0,2,0,8,10,10
2019-10-15,30.7,30.92,30.17,30.72,0.19,0.6223,42142385,1,0,1,0,0,0,1,3,5,9,8
2019-10-16,30.6,31.41,30.53,30.81,0.09,0.293,43064255,1,0,1,0,0,0,1,0,7,8,9
2019-10-17,31.3,31.4,30.86,31.14,0.33,1.0711,37010205,1,0,0,1,0,0,4,2,5,11,4
2019-10-18,31.06,31.33,30.29,30.97,-0.17,-0.5459,39711244,0,1,1,0,0,0,1,1,7,9,9
2019-10-21,31.5,32.26,31.41,32.03,1.06,3.4227,52648067,1,0,0,0,1,0,1,0,5,6,6
2019-10-22,32.06,32.15,31.5,31.51,-0.52,-1.6235,36860307,0,1,0,1,0,0,1,1,5,7,5
2019-10-23,31.09,31.65,30.83,31.36,-0.15,-0.476,26858110,0,1,1,0,0,0,4,1,5,10,4
2019-10-24,31.58,31.86,31.34,31.72,0.36,1.148,28448977,1,0,0,1,0,0,1,3,7,11,10
2019-10-25,31.9,32.86,31.83,32.71,0.99,3.1211,45368837,1,0,0,0,1,0,1,1,6,8,6
2019-10-28,33.16,33.91,33.15,33.69,0.98,2.9960000000000004,51223609,1,0,0,0,1,0,0,0,6,6,8
2019-10-29,33.73,33.9,32.7,33.03,-0.66,-1.959,78700076,0,1,0,0,1,0,1,1,6,8,6
2019-10-30,32.93,33.34,32.03,33.13,0.1,0.3028,78228769,1,0,1,0,0,0,1,1,5,7,5
2019-10-31,32.98,34.34,32.82,33.93,0.8,2.4147,67881623,1,0,0,0,1,0,1,1,7,9,9
2019-11-01,34.37,35.0,34.1,34.89,0.96,2.8294,64238609,1,0,0,0,1,0,0,1,6,7,7
2019-11-04,35.19,36.45,34.76,36.29,1.4,4.0126,83343783,1,0,0,0,0,1,0,0,6,6,8
2019-11-05,36.56,37.18,35.98,36.15,-0.14,-0.3858,84848638,0,1,1,0,0,0,0,1,6,7,7
2019-11-06,36.06,36.48,35.52,35.93,-0.22,-0.6086,51675119,0,1,1,0,0,0,0,1,6,7,7
2019-11-07,36.52,36.99,36.03,36.28,0.35,0.9741,54350178,1,0,0,1,0,0,0,1,6,7,7
2019-11-08,36.06,36.58,36.0,36.29,0.01,0.0276,39396230,1,0,1,0,0,0,0,1,6,7,7
2019-11-11,35.96,36.66,35.58,36.31,0.02,0.0551,43572264,1,0,1,0,0,0,0,1,6,7,7
2019-11-12,36.43,37.13,36.4,36.71,0.4,1.1016,58664523,1,0,0,1,0,0,0,1,6,7,7
2019-11-13,36.65,37.96,36.58,37.52,0.81,2.2065,69178093,1,0,0,0,1,0,0,1,6,7,7
2019-11-14,37.51,38.5,37.36,38.35,0.83,2.2122,65936947,1,0,0,0,1,0,0,1,6,7,7
2019-11-15,38.94,39.37,38.34,38.56,0.21,0.5476,63020866,1,0,1,0,0,0,0,1,6,7,7
2019-11-18,38.65,39.99,38.6,39.88,1.32,3.4232,66332767,1,0,0,0,1,0,0,1,6,7,7
2019-11-19,40.14,41.79,39.69,41.29,1.41,3.5356,94600235,1,0,0,0,0,1,0,0,6,6,8
2019-11-20,40.96,41.75,40.07,40.98,-0.31,-0.7508,79968318,0,1,1,0,0,0,0,1,6,7,7
2019-11-21,40.42,40.71,38.64,39.52,-1.46,-3.5627,88069355,0,1,0,0,0,1,4,1,6,11,4
2019-11-22,39.36,39.89,38.19,39.15,-0.37,-0.9362,56931883,0,1,0,1,0,0,5,1,6,12,4
2019-11-25,39.5,40.17,39.49,39.79,0.64,1.6347,45879404,1,0,0,1,0,0,4,1,6,11,4
2019-11-26,39.3,39.48,38.81,38.99,-0.8,-2.0106,43764146,0,1,0,0,1,0,5,3,3,11,4
2019-11-27,39.46,39.76,39.07,39.41,0.42,1.0772,33733792,1,0,0,1,0,0,5,1,8,14,9
2019-11-29,39.1,39.52,39.02,39.15,-0.26,-0.6597,17609932,0,1,1,0,0,0,5,1,6,12,4
2019-12-02,39.32,39.41,38.44,38.73,-0.42,-1.0728,37942678,0,1,0,1,0,0,5,1,3,9,1
2019-12-03,37.34,38.93,37.15,38.9,0.17,0.4389,52991201,1,0,1,0,0,0,5,0,3,8,2
2019-12-04,39.38,39.82,39.13,39.69,0.79,2.0308,44372195,1,0,0,0,1,0,5,1,7,13,8
2019-12-05,39.95,40.22,39.55,39.62,-0.07,-0.1764,35710943,0,1,1,0,0,0,5,1,5,11,4
2019-12-06,40.1,40.19,39.56,39.63,0.01,0.0252,31150377,1,0,1,0,0,0,5,1,7,13,8
2019-12-09,39.46,39.84,38.91,38.93,-0.7,-1.7663,28035391,0,1,0,1,0,0,5,1,2,8,2
2019-12-10,39.2,39.73,38.82,39.44,0.51,1.31,33863025,1,0,0,1,0,0,5,1,7,13,8
2019-12-11,39.44,39.61,39.04,39.47,0.03,0.0761,31794689,1,0,1,0,0,0,5,1,7,13,8
2019-12-12,39.4,42.62,39.25,42.59,3.12,7.9047,87398169,1,0,0,0,0,1,2,2,6,10,7
2019-12-13,42.35,42.95,41.06,41.15,-1.44,-3.3811,79985411,0,1,0,0,1,0,5,1,6,12,4
2019-12-16,41.73,42.98,41.73,42.35,1.2,2.9162,58890776,1,0,0,0,1,0,2,2,6,10,7
2019-12-17,42.51,43.11,42.15,42.77,0.42,0.9917,44935574,1,0,0,1,0,0,2,0,6,8,7
2019-12-18,42.79,43.06,42.24,42.3,-0.47,-1.0989,39182983,0,1,0,1,0,0,2,0,6,8,7
2019-12-19,42.63,43.34,42.6,42.83,0.53,1.253,45950709,1,0,0,1,0,0,2,1,6,9,7
2019-12-20,43.44,44.26,43.26,44.15,1.32,3.082,68216726,1,0,0,0,1,0,0,0,6,6,8
2019-12-23,44.58,45.63,44.39,45.46,1.31,2.9672,56065288,1,0,0,0,1,0,0,0,6,6,8
2019-12-24,46.1,46.61,45.77,46.54,1.08,2.3757,44432192,1,0,0,0,1,0,0,0,6,6,8
2019-12-26,46.99,47.31,45.66,46.63,0.09,0.1934,57712693,1,0,1,0,0,0,0,1,6,7,7
2019-12-27,46.85,46.88,45.98,46.18,-0.45,-0.965,36624234,0,1,0,1,0,0,0,1,6,7,7
2019-12-30,46.14,46.17,44.66,45.52,-0.66,-1.4292,41235735,0,1,0,1,0,0,4,1,6,11,4
2019-12-31,45.07,46.09,44.92,45.86,0.34,0.7469,31791204,1,0,1,0,0,0,0,1,6,7,7
2020-01-02,46.86,49.25,46.63,49.1,3.24,7.065,80764599,1,0,0,0,0,1,0,2,6,8,7
2020-01-03,48.03,49.39,47.54,48.6,-0.5,-1.0183,73362157,0,1,0,1,0,0,0,1,6,7,7
2020-01-06,48.02,48.86,47.86,48.39,-0.21,-0.4321,48176286,0,1,1,0,0,0,0,1,6,7,7
2020-01-07,49.35,49.39,48.04,48.25,-0.14,-0.2893,59935556,0,1,1,0,0,0,0,1,6,7,7
2020-01-08,47.85,48.3,47.14,47.83,-0.42,-0.8705,53868957,0,1,0,1,0,0,4,1,6,11,4
2020-01-09,48.94,49.96,48.39,48.97,1.14,2.3834,76649637,1,0,0,0,1,0,0,3,6,9,9
2020-01-10,49.26,49.29,48.0,48.17,-0.805,-1.6439,44215594,0,1,0,1,0,0,5,1,6,12,4
2020-01-13,48.66,48.86,48.24,48.75,0.58,1.2042,34474728,1,0,0,1,0,0,5,3,6,14,7
2020-01-14,48.64,49.04,47.91,48.21,-0.535,-1.0975,38694180,0,1,0,1,0,0,5,1,6,12,4
2020-01-15,48.23,49.08,48.12,48.55,0.335,0.6949,40199943,1,0,1,0,0,0,5,1,6,12,4
2020-01-16,49.17,50.31,48.99,49.77,1.23,2.5234,58898926,1,0,0,0,1,0,2,3,6,11,9
2020-01-17,50.2,51.05,49.9,50.93,1.16,2.3307,57722501,1,0,0,0,1,0,0,1,6,7,7
2020-01-21,50.96,51.81,50.7,51.05,0.12,0.2356,49094965,1,0,1,0,0,0,0,3,6,9,9
2020-01-22,51.63,51.88,51.2,51.43,0.38,0.7444,40772219,1,0,1,0,0,0,0,1,6,7,7
2020-01-23,51.34,51.75,50.74,51.71,0.28,0.5444,40135442,1,0,1,0,0,0,0,1,6,7,7
2020-01-24,52.28,52.81,49.47,50.35,-1.36,-2.6301,80004909,0,1,0,0,1,0,4,2,6,12,4
2020-01-27,48.45,49.79,47.9,49.26,-1.09,-2.1648,48878578,0,1,0,0,1,0,5,0,3,8,2
2020-01-28,50.03,50.85,49.48,50.53,1.27,2.5782,62343844,1,0,0,0,1,0,5,1,8,14,9
2020-01-29,47.84,48.07,46.1,47.51,-3.02,-5.9766,112559197,0,1,0,0,0,1,5,1,0,6,0
2020-01-30,46.49,48.81,46.13,48.78,1.27,2.6731,70460163,1,0,0,0,1,0,5,1,8,14,9
2020-01-31,48.4,48.58,46.79,47.0,-1.78,-3.649,60322431,0,1,0,0,0,1,3,1,0,4,0
2020-02-03,46.4,48.1,46.23,48.02,1.02,2.1702,47076956,1,0,0,0,1,0,5,1,4,10,4
2020-02-04,49.21,49.75,48.61,49.45,1.43,2.9779,46302078,1,0,0,0,1,0,5,1,8,14,9
2020-02-05,50.29,50.42,49.31,49.84,0.39,0.7887,42737104,1,0,1,0,0,0,5,1,5,11,4
2020-02-06,48.8,49.39,47.63,49.32,-0.52,-1.0433,48670617,0,1,0,1,0,0,5,2,5,12,4
2020-02-07,48.91,50.67,48.64,49.73,0.41,0.8313,53107582,1,0,1,0,0,0,5,1,5,11,4
2020-02-10,49.47,52.3,49.35,52.26,2.53,5.0875,60971719,1,0,0,0,0,1,3,3,7,13,10
2020-02-11,53.22,54.48,52.91,53.8,1.54,2.9468,74719054,1,0,0,0,1,0,0,2,6,8,7
2020-02-12,54.53,54.85,53.53,53.89,0.09,0.1673,45994933,1,0,1,0,0,0,2,0,6,8,7
2020-02-13,53.43,55.03,53.34,54.53,0.64,1.1876,51640035,1,0,0,1,0,0,2,1,6,9,7
2020-02-14,55.19,55.4,54.56,55.31,0.78,1.4304,52365370,1,0,0,1,0,0,0,1,6,7,7
2020-02-18,54.94,58.13,54.84,56.89,1.58,2.8566,70346387,1,0,0,0,1,0,0,0,6,6,8
2020-02-19,57.99,59.27,57.51,58.9,2.01,3.5331,58597294,1,0,0,0,0,1,0,0,6,6,8
2020-02-20,58.44,59.02,56.15,57.27,-1.63,-2.7674,74203373,0,1,0,0,1,0,2,1,6,9,7
2020-02-21,56.71,56.8,52.89,53.28,-3.99,-6.9670000000000005,88553374,0,1,0,0,0,1,5,1,3,9,1
2020-02-24,48.18,50.28,47.49,49.12,-4.16,-7.8078,86624116,0,1,0,0,0,1,3,3,0,6,1
2020-02-25,51.14,51.24,47.12,47.57,-1.55,-3.1555,88699382,0,1,0,0,1,0,2,1,1,4,2
2020-02-26,47.7,49.29,47.07,47.49,-0.08,-0.1682,86897680,0,1,1,0,0,0,1,1,2,4,3
2020-02-27,45.38,46.24,42.21,44.01,-3.48,-7.3279,106416222,0,1,0,0,0,1,4,2,1,7,1
2020-02-28,41.36,46.15,41.04,45.48,1.47,3.3401,100667707,1,0,0,0,1,0,4,1,3,8,2
2020-03-02,47.42,47.68,44.66,47.46,1.98,4.3536,102324726,1,0,0,0,0,1,4,1,3,8,2
2020-03-03,49.03,50.2,45.67,46.75,-0.71,-1.496,141972288,0,1,0,1,0,0,4,1,1,6,1
2020-03-04,48.25,50.14,47.21,50.11,3.36,7.1872,93311779,1,0,0,0,0,1,4,1,8,13,9
2020-03-05,48.68,49.72,47.51,48.11,-2.0,-3.9912,98302748,0,1,0,0,0,1,4,1,0,5,0
2020-03-06,49.44,49.54,46.74,48.59,0.48,0.9977,124590861,1,0,0,1,0,0,4,1,4,9,5
2020-03-09,43.03,46.34,42.51,43.27,-5.32,-10.9488,80859774,0,1,0,0,0,1,2,0,0,2,0
2020-03-10,45.41,45.44,43.1,45.38,2.11,4.8764,76228247,1,0,0,0,0,1,4,1,3,8,2
2020-03-11,44.19,45.97,43.8,45.7,0.32,0.7052,102319010,1,0,1,0,0,0,4,2,2,8,2
2020-03-12,42.0,42.5,39.0,39.01,-6.69,-14.6389,107461521,0,1,0,0,0,1,1,0,0,1,0
2020-03-13,42.2,43.91,39.6,43.9,4.89,12.5352,86689681,1,0,0,0,0,1,4,1,3,8,2
2020-03-16,39.08,43.37,38.51,38.71,-5.19,-11.8223,84545868,0,1,0,0,0,1,1,0,1,2,1
2020-03-17,40.19,42.88,38.3,41.88,3.17,8.1891,92741881,1,0,0,0,0,1,4,0,3,7,3
2020-03-18,39.54,41.95,36.75,39.12,-2.76,-6.5903,106949287,0,1,0,0,0,1,1,0,1,2,1
2020-03-19,39.56,41.7,37.69,39.82,0.7,1.7894,88939024,1,0,0,1,0,0,4,0,3,7,3
2020-03-20,41.51,42.48,39.58,39.61,-0.21,-0.5274,106859502,0,1,1,0,0,0,4,0,1,5,1
2020-03-23,40.62,42.32,38.95,41.64,2.03,5.125,101704663,1,0,0,0,0,1,4,0,3,7,3
2020-03-24,44.04,46.81,43.99,46.22,4.58,10.999,106794151,1,0,0,0,0,1,4,3,8,15,10
2020-03-25,46.79,47.88,44.43,44.63,-1.59,-3.4401,93760389,0,1,0,0,1,0,4,1,0,5,0
2020-03-26,45.78,47.5,45.4,47.5,2.87,6.4307,73915608,1,0,0,0,0,1,2,1,8,11,10
2020-03-27,46.32,47.98,45.9,46.58,-0.92,-1.9368,74599218,0,1,0,0,1,0,1,1,5,7,5
2020-03-30,47.24,48.46,46.66,47.86,1.28,2.748,68486602,1,0,0,0,1,0,1,0,5,6,6
2020-03-31,47.93,48.53,45.16,45.48,-2.38,-4.9728,83483749,0,1,0,0,0,1,4,0,1,5,1
2020-04-01,44.18,46.85,43.16,43.66,-1.82,-4.0018,92083081,0,1,0,0,0,1,4,0,0,4,0
2020-04-02,43.4,45.28,43.1,44.49,0.83,1.9011,79024133,1,0,0,1,0,0,4,0,2,6,3
2020-04-03,44.3,44.84,41.7,42.59,-1.9,-4.2706,79334966,0,1,0,0,0,1,4,1,2,7,2
2020-04-06,44.3,47.58,44.06,47.52,4.93,11.5755,82293964,1,0,0,0,0,1,2,0,8,10,10
2020-04-07,48.96,49.65,46.68,47.56,0.04,0.0842,102098689,1,0,1,0,0,0,2,3,5,10,9
2020-04-08,48.07,49.0,47.61,48.79,1.23,2.5862,64930779,1,0,0,0,1,0,4,2,7,13,8
2020-04-09,49.65,50.25,47.72,48.38,-0.41,-0.8403,80357393,0,1,1,0,0,0,1,0,7,8,9
2020-04-13,48.47,51.07,48.23,50.94,2.56,5.2914,64290112,1,0,0,0,0,1,1,0,6,7,6
2020-04-14,52.24,55.14,52.11,54.93,3.99,7.8327,85306750,1,0,0,0,0,1,1,0,6,7,6
2020-04-15,53.73,55.57,53.41,54.99,0.06,0.1092,83814033,1,0,1,0,0,0,1,0,6,7,6
2020-04-16,55.96,58.08,55.63,56.95,1.96,3.5643,103106456,1,0,0,0,0,1,1,0,6,7,6
2020-04-17,57.35,57.76,55.55,56.6,-0.35,-0.6146,76908783,0,1,1,0,0,0,1,2,6,9,5
2020-04-20,55.98,58.63,55.85,56.97,0.37,0.6537,72367258,1,0,1,0,0,0,1,1,6,8,6
2020-04-21,56.9,57.73,51.41,52.92,-4.05,-7.109,123906390,0,1,0,0,0,1,4,0,3,7,3
2020-04-22,54.91,56.15,54.34,55.92,3.0,5.6689,63164076,1,0,0,0,0,1,1,0,8,9,10
2020-04-23,56.65,57.29,55.64,55.9,-0.02,-0.0358,69662688,0,1,1,0,0,0,2,0,6,8,7
2020-04-24,55.1,56.78,54.42,56.18,0.28,0.5009,72854752,1,0,1,0,0,0,1,0,6,7,6
2020-04-27,57.44,58.0,56.25,56.49,0.31,0.5518,62568062,1,0,1,0,0,0,1,0,6,7,6
2020-04-28,57.16,57.35,55.3,55.51,-0.98,-1.7348,80501820,0,1,0,1,0,0,4,0,5,9,6
2020-04-29,54.53,54.86,52.74,53.66,-1.85,-3.3327,110800859,0,1,0,0,1,0,4,0,2,6,3
2020-04-30,53.43,54.29,52.03,52.39,-1.27,-2.3668,65543944,0,1,0,0,1,0,4,2,2,8,2
2020-05-01,51.07,51.95,49.09,49.88,-2.51,-4.791,69562656,0,1,0,0,0,1,2,0,0,2,0
2020-05-04,49.82,52.61,49.73,52.56,2.68,5.3729,62590577,1,0,0,0,0,1,4,0,8,12,10
2020-05-05,53.43,53.51,51.29,52.19,-0.37,-0.7040000000000001,56560532,0,1,1,0,0,0,4,0,3,7,3
2020-05-06,52.42,53.31,51.88,52.16,-0.03,-0.0575,48138123,0,1,1,0,0,0,4,0,3,7,3
2020-05-07,52.93,52.97,51.62,51.95,-0.21,-0.4026,48956641,0,1,1,0,0,0,4,1,3,8,2
2020-05-08,52.15,53.27,51.81,53.19,1.24,2.3869,40774186,1,0,0,0,1,0,4,0,8,12,10
2020-05-11,52.9,55.89,52.75,55.74,2.55,4.7941,68746373,1,0,0,0,0,1,4,0,5,9,6
2020-05-12,56.19,56.58,53.75,53.76,-1.98,-3.5522,55631098,0,1,0,0,0,1,4,1,4,9,5
2020-05-13,54.04,55.22,51.3,52.18,-1.58,-2.939,76824714,0,1,0,0,1,0,4,1,0,5,0
2020-05-14,52.1,54.54,51.61,54.51,2.33,4.4653,73813999,1,0,0,0,0,1,4,1,8,13,9
2020-05-15,53.32,54.44,52.86,54.2,-0.31,-0.5687,66950863,0,1,1,0,0,0,4,2,5,11,4
2020-05-18,54.98,55.25,54.24,54.59,0.39,0.7196,48679061,1,0,1,0,0,0,4,1,5,10,4
2020-05-19,54.39,56.73,54.36,55.47,0.88,1.612,60388543,1,0,0,1,0,0,2,1,7,10,9
2020-05-20,56.55,56.98,55.63,56.39,0.92,1.6586,50888191,1,0,0,1,0,0,1,3,6,10,8
2020-05-21,56.68,56.72,54.61,54.65,-1.74,-3.0857,48496114,0,1,0,0,1,0,4,3,4,11,8
2020-05-22,54.77,55.37,53.78,55.17,0.52,0.9515,43524110,1,0,0,1,0,0,4,1,5,10,4
2020-05-26,56.01,56.08,53.02,53.19,-1.98,-3.5889,51618865,0,1,0,0,0,1,4,1,0,5,0
2020-05-27,53.27,53.28,49.09,52.74,-0.45,-0.846,102414487,0,1,1,0,0,0,4,0,0,4,0
2020-05-28,52.25,53.54,51.25,51.74,-1.0,-1.8961,53754227,0,1,0,1,0,0,6,0,1,7,1
2020-05-29,52.07,53.8,51.85,53.8,2.06,3.9814,64948312,1,0,0,0,0,1,4,1,8,13,9
2020-06-01,53.31,54.11,52.89,53.63,-0.17,-0.316,36949860,0,1,1,0,0,0,4,1,2,7,2
2020-06-02,53.45,53.57,52.01,53.54,-0.09,-0.1678,42855210,0,1,1,0,0,0,4,2,2,8,2
2020-06-03,53.6,53.65,52.33,52.73,-0.81,-1.5129,46765332,0,1,0,1,0,0,4,1,1,6,1
2020-06-04,52.59,53.74,52.2,52.63,-0.1,-0.1896,44869090,0,1,1,0,0,0,4,1,3,8,2
2020-06-05,52.99,53.57,52.08,53.1,0.47,0.893,53908273,1,0,0,1,0,0,4,1,3,8,2
2020-06-08,53.3,53.35,52.26,52.97,-0.13,-0.2448,39681749,0,1,1,0,0,0,4,2,2,8,2
2020-06-09,52.95,56.46,52.72,56.39,3.42,6.4565,79919140,1,0,0,0,0,1,2,1,8,11,10
2020-06-10,57.2,59.0,57.03,57.44,1.05,1.862,78719416,1,0,0,1,0,0,4,3,7,14,10
2020-06-11,55.94,56.68,52.8,52.83,-4.61,-8.0258,78715402,0,1,0,0,0,1,4,1,0,5,0
2020-06-12,55.01,55.6,52.11,53.5,0.67,1.2682,71189070,1,0,0,1,0,0,4,3,2,9,6
2020-06-15,52.58,54.73,52.41,54.68,1.18,2.2056,56740683,1,0,0,0,1,0,4,1,8,13,9
2020-06-16,55.72,56.07,53.59,54.46,-0.22,-0.4023,50949745,0,1,1,0,0,0,4,1,4,9,5
2020-06-17,54.79,55.82,54.3,54.55,0.09,0.1653,45146545,1,0,1,0,0,0,4,0,5,9,6
2020-06-18,54.62,55.12,53.65,54.04,-0.51,-0.9349,40354724,0,1,0,1,0,0,4,0,1,5,1
2020-06-19,54.41,55.46,53.82,54.23,0.19,0.3516,52801461,1,0,1,0,0,0,4,0,7,11,9
2020-06-22,54.67,55.17,53.74,54.76,0.53,0.9773,44704781,1,0,0,1,0,0,4,0,8,12,10
2020-06-23,55.05,55.37,53.87,53.99,-0.77,-1.4061,48089011,0,1,0,1,0,0,4,0,0,4,0
2020-06-24,53.94,54.74,51.92,52.39,-1.6,-2.9635,53535548,0,1,0,0,1,0,2,1,0,3,0
2020-06-25,52.56,52.7,50.54,51.93,-0.46,-0.878,51129614,0,1,0,1,0,0,4,0,3,7,3
2020-06-26,51.85,51.95,49.45,50.1,-1.83,-3.524,65485729,0,1,0,0,0,1,1,0,0,1,0
2020-06-29,50.15,50.28,48.42,50.28,0.18,0.3593,49905813,1,0,1,0,0,0,1,1,3,5,2
2020-06-30,51.16,52.77,50.82,52.61,2.33,4.634,42275739,1,0,0,0,0,1,4,1,6,11,4
2020-07-01,52.63,52.87,51.6,52.58,-0.03,-0.057,32370945,0,1,1,0,0,0,4,1,3,8,2
2020-07-02,53.03,53.19,52.05,52.34,-0.24,-0.4564,29081425,0,1,1,0,0,0,4,2,0,6,0
2020-07-06,52.9,53.52,52.33,53.4,1.06,2.0252,36769425,1,0,0,0,1,0,4,0,8,12,10
2020-07-07,53.28,54.17,52.86,52.93,-0.47,-0.8801,32153094,0,1,0,1,0,0,4,1,0,5,0
2020-07-08,53.01,53.47,52.07,53.43,0.5,0.9446,35608338,1,0,0,1,0,0,4,3,8,15,10
2020-07-09,53.52,57.58,53.31,57.26,3.83,7.1589,87216264,1,0,0,0,0,1,2,2,8,12,10
2020-07-10,57.54,58.15,55.51,55.88,-1.37,-2.4015,59839688,0,1,0,0,1,0,6,0,7,13,8
2020-07-13,56.68,58.35,53.38,53.59,-2.29,-4.0981,57741821,0,1,0,0,0,1,4,0,0,4,0
2020-07-14,53.3,54.86,52.26,54.72,1.13,2.1086,54890110,1,0,0,0,1,0,4,0,8,12,10
2020-07-15,54.96,55.37,53.59,55.34,0.62,1.133,42360279,1,0,0,1,0,0,4,0,8,12,10
2020-07-16,54.68,55.15,53.74,54.92,-0.42,-0.7589,36887082,0,1,1,0,0,0,4,2,6,12,4
2020-07-17,55.31,55.81,54.68,55.04,0.12,0.2185,34710407,1,0,1,0,0,0,4,1,6,11,4
2020-07-20,55.23,57.53,54.83,57.46,2.42,4.3968,45034250,1,0,0,0,0,1,2,3,6,11,9
2020-07-21,57.81,58.5,56.32,57.0,-0.46,-0.8006,44800687,0,1,1,0,0,0,4,1,6,11,4
2020-07-22,57.07,62.0,56.97,61.79,4.79,8.4035,135159420,1,0,0,0,0,1,0,0,6,6,8
2020-07-23,61.63,62.33,58.63,59.57,-2.22,-3.5928,106829109,0,1,0,0,0,1,4,1,6,11,4
2020-07-24,64.18,69.94,64.05,69.4,9.83,16.5016,205314531,1,0,0,0,0,1,0,0,6,6,8
2020-07-24,64.18,69.94,64.05,69.4,9.83,16.5016,205314531,0,0,1,0,0,0,0,0,6,6,8
2020-07-24,64.18,69.94,64.05,69.4,0.0,0.0,205314531,1,0,0,0,0,1,0,0,6,6,8
2020-07-24,64.18,69.94,64.05,69.4,0.0,0.0,205314531,0,0,1,0,0,0,0,0,6,6,8
2020-07-27,69.28,71.63,67.79,68.97,-0.43,-0.6196,107918075,0,1,1,0,0,0,0,0,6,6,8
